:START_ID,:TYPE,:END_ID,asOf,value,unit,source_id,confidence
kg:brand/highlands,IN_CATEGORY,kg:category/processed-foods,,,,,
kg:brand/highlands,SOLD_IN,kg:place/ph,,,,,
kg:brand/extra-joss,IN_CATEGORY,kg:category/energy-drinks,,,,,
kg:brand/extra-joss,SOLD_IN,kg:place/ph,,,,,
kg:brand/7up,IN_CATEGORY,kg:category/non-alcoholic-beverages,,,,,
kg:brand/7up,SOLD_IN,kg:place/ph,,,,,
kg:brand/mr-clean,IN_CATEGORY,kg:category/household-care,,,,,
kg:brand/mr-clean,SOLD_IN,kg:place/ph,,,,,
kg:brand/lysol,IN_CATEGORY,kg:category/household-care,,,,,
kg:brand/lysol,SOLD_IN,kg:place/ph,,,,,
kg:brand/golden-fiesta,IN_CATEGORY,kg:category/cooking-essentials,,,,,
kg:brand/golden-fiesta,SOLD_IN,kg:place/ph,,,,,
kg:brand/talk-n-text,IN_CATEGORY,kg:category/services,,,,,
kg:brand/talk-n-text,SOLD_IN,kg:place/ph,,,,,
kg:brand/alaska,IN_CATEGORY,kg:category/dairy,,,,,
kg:brand/alaska,SOLD_IN,kg:place/ph,,,,,
kg:brand/sunsilk,IN_CATEGORY,kg:category/personal-care,,,,,
kg:brand/sunsilk,SOLD_IN,kg:place/ph,,,,,
kg:brand/ligo,IN_CATEGORY,kg:category/canned-and-jarred-goods,,,,,
kg:brand/ligo,SOLD_IN,kg:place/ph,,,,,
kg:brand/monde-nissin,IN_CATEGORY,kg:category/snacks-and-confectionery,,,,,
kg:brand/monde-nissin,SOLD_IN,kg:place/ph,,,,,
kg:brand/del-monte,IN_CATEGORY,kg:category/canned-and-jarred-goods,,,,,
kg:brand/del-monte,SOLD_IN,kg:place/ph,,,,,
kg:brand/spam,IN_CATEGORY,kg:category/processed,,,,,
kg:brand/spam,SOLD_IN,kg:place/ph,,,,,
kg:brand/holiday,IN_CATEGORY,kg:category/processed-foods,,,,,
kg:brand/holiday,SOLD_IN,kg:place/ph,,,,,
kg:brand/presto,IN_CATEGORY,kg:category/snacks,,,,,
kg:brand/presto,SOLD_IN,kg:place/ph,,,,,
kg:brand/cherry-prepaid,IN_CATEGORY,kg:category/services,,,,,
kg:brand/cherry-prepaid,SOLD_IN,kg:place/ph,,,,,
kg:brand/minola,IN_CATEGORY,kg:category/cooking-essentials,,,,,
kg:brand/minola,SOLD_IN,kg:place/ph,,,,,
kg:brand/purefoods-star,IN_CATEGORY,kg:category/processed-foods,,,,,
kg:brand/purefoods-star,SOLD_IN,kg:place/ph,,,,,
kg:brand/skyflakes,IN_CATEGORY,kg:category/snacks,,,,,
kg:brand/skyflakes,SOLD_IN,kg:place/ph,,,,,
kg:brand/mang-tomas,IN_CATEGORY,kg:category/cooking-essentials,,,,,
kg:brand/mang-tomas,SOLD_IN,kg:place/ph,,,,,
kg:brand/ariel,IN_CATEGORY,kg:category/household-care,,,,,
kg:brand/ariel,SOLD_IN,kg:place/ph,,,,,
kg:brand/angel,IN_CATEGORY,kg:category/dairy,,,,,
kg:brand/angel,SOLD_IN,kg:place/ph,,,,,
kg:brand/bioderm,IN_CATEGORY,kg:category/personal-care,,,,,
kg:brand/bioderm,SOLD_IN,kg:place/ph,,,,,
kg:brand/purefoods,IN_CATEGORY,kg:category/canned-and-jarred-goods,,,,,
kg:brand/purefoods,SOLD_IN,kg:place/ph,,,,,
kg:brand/flat-tops,IN_CATEGORY,kg:category/snacks,,,,,
kg:brand/flat-tops,SOLD_IN,kg:place/ph,,,,,
kg:brand/marlboro,IN_CATEGORY,kg:category/tobacco-products,,,,,
kg:brand/marlboro,SOLD_IN,kg:place/ph,,,,,
kg:brand/magic,IN_CATEGORY,kg:category/snacks,,,,,
kg:brand/magic,SOLD_IN,kg:place/ph,,,,,
kg:brand/rc-cola,IN_CATEGORY,kg:category/non-alcoholic-beverages,,,,,
kg:brand/rc-cola,SOLD_IN,kg:place/ph,,,,,
kg:brand/globe,IN_CATEGORY,kg:category/telecoms,,,,,
kg:brand/globe,SOLD_IN,kg:place/ph,,,,,
kg:brand/century,IN_CATEGORY,kg:category/canned,,,,,
kg:brand/century,SOLD_IN,kg:place/ph,,,,,
kg:brand/colgate,IN_CATEGORY,kg:category/personal-care,,,,,
kg:brand/colgate,SOLD_IN,kg:place/ph,,,,,
kg:brand/nutriasia,IN_CATEGORY,kg:category/cooking-essentials,,,,,
kg:brand/nutriasia,SOLD_IN,kg:place/ph,,,,,
kg:brand/lm,IN_CATEGORY,kg:category/tobacco-products,,,,,
kg:brand/lm,SOLD_IN,kg:place/ph,,,,,
kg:brand/head-and-shoulders,IN_CATEGORY,kg:category/personal-care,,,,,
kg:brand/head-and-shoulders,SOLD_IN,kg:place/ph,,,,,
kg:brand/touch-mobile,IN_CATEGORY,kg:category/services,,,,,
kg:brand/touch-mobile,SOLD_IN,kg:place/ph,,,,,
kg:brand/emperador,IN_CATEGORY,kg:category/alcoholic,,,,,
kg:brand/emperador,SOLD_IN,kg:place/ph,,,,,
kg:brand/pepsi,IN_CATEGORY,kg:category/non-alcoholic-beverages,,,,,
kg:brand/pepsi,SOLD_IN,kg:place/ph,,,,,
kg:brand/kopiko,IN_CATEGORY,kg:category/beverages,,,,,
kg:brand/kopiko,SOLD_IN,kg:place/ph,,,,,
kg:brand/coca-cola,IN_CATEGORY,kg:category/non-alcoholic-beverages,,,,,
kg:brand/coca-cola,HAS_PARENT,kg:org/the-coca-cola-company,,,,,
kg:brand/coca-cola,SOLD_IN,kg:place/ph,,,,,
kg:brand/coca-cola,MARKET_SHARE,kg:place/ph,2024-12-31,0.6,share,src:usda-beverages-2022,0.9
kg:brand/marca-leon,IN_CATEGORY,kg:category/beverages,,,,,
kg:brand/marca-leon,SOLD_IN,kg:place/ph,,,,,
kg:brand/knorr,IN_CATEGORY,kg:category/cooking-essentials,,,,,
kg:brand/knorr,SOLD_IN,kg:place/ph,,,,,
kg:brand/mighty,IN_CATEGORY,kg:category/tobacco-products,,,,,
kg:brand/mighty,SOLD_IN,kg:place/ph,,,,,
kg:brand/nestlé,IN_CATEGORY,kg:category/dairy,,,,,
kg:brand/nestlé,SOLD_IN,kg:place/ph,,,,,
kg:brand/smart,IN_CATEGORY,kg:category/telecoms,,,,,
kg:brand/smart,SOLD_IN,kg:place/ph,,,,,
kg:brand/camel,IN_CATEGORY,kg:category/tobacco-products,,,,,
kg:brand/camel,SOLD_IN,kg:place/ph,,,,,
kg:brand/carnation,IN_CATEGORY,kg:category/dairy,,,,,
kg:brand/carnation,SOLD_IN,kg:place/ph,,,,,
kg:brand/selecta,IN_CATEGORY,kg:category/dairy,,,,,
kg:brand/selecta,SOLD_IN,kg:place/ph,,,,,
kg:brand/tiger,IN_CATEGORY,kg:category/alcoholic,,,,,
kg:brand/tiger,SOLD_IN,kg:place/ph,,,,,
kg:brand/great-taste,IN_CATEGORY,kg:category/beverages,,,,,
kg:brand/great-taste,SOLD_IN,kg:place/ph,,,,,
kg:brand/monde,IN_CATEGORY,kg:category/snacks,,,,,
kg:brand/monde,SOLD_IN,kg:place/ph,,,,,
kg:brand/philip-morris,IN_CATEGORY,kg:category/tobacco-products,,,,,
kg:brand/philip-morris,SOLD_IN,kg:place/ph,,,,,
kg:brand/jimms,IN_CATEGORY,kg:category/snacks,,,,,
kg:brand/jimms,SOLD_IN,kg:place/ph,,,,,
kg:brand/nissin,IN_CATEGORY,kg:category/instant-foods,,,,,
kg:brand/nissin,SOLD_IN,kg:place/ph,,,,,
kg:brand/cloud-9,IN_CATEGORY,kg:category/snacks,,,,,
kg:brand/cloud-9,SOLD_IN,kg:place/ph,,,,,
kg:brand/sun-cellular,IN_CATEGORY,kg:category/services,,,,,
kg:brand/sun-cellular,SOLD_IN,kg:place/ph,,,,,
kg:brand/gatorade,IN_CATEGORY,kg:category/non-alcoholic-beverages,,,,,
kg:brand/gatorade,SOLD_IN,kg:place/ph,,,,,
kg:brand/argentina,IN_CATEGORY,kg:category/canned-and-jarred-goods,,,,,
kg:brand/argentina,SOLD_IN,kg:place/ph,,,,,
kg:brand/downy,IN_CATEGORY,kg:category/household-care,,,,,
kg:brand/downy,SOLD_IN,kg:place/ph,,,,,
kg:brand/tanduay,IN_CATEGORY,kg:category/alcoholic,,,,,
kg:brand/tanduay,SOLD_IN,kg:place/ph,,,,,
kg:brand/tm,IN_CATEGORY,kg:category/telecoms,,,,,
kg:brand/tm,SOLD_IN,kg:place/ph,,,,,
kg:brand/comfort,IN_CATEGORY,kg:category/household-care,,,,,
kg:brand/comfort,SOLD_IN,kg:place/ph,,,,,
kg:brand/oishi,IN_CATEGORY,kg:category/snacks-and-confectionery,,,,,
kg:brand/oishi,SOLD_IN,kg:place/ph,,,,,
kg:brand/ricoa,IN_CATEGORY,kg:category/snacks,,,,,
kg:brand/ricoa,SOLD_IN,kg:place/ph,,,,,
kg:brand/cream-silk,IN_CATEGORY,kg:category/personal-care,,,,,
kg:brand/cream-silk,SOLD_IN,kg:place/ph,,,,,
kg:brand/tnt,IN_CATEGORY,kg:category/telecoms,,,,,
kg:brand/tnt,SOLD_IN,kg:place/ph,,,,,
kg:brand/rebisco,IN_CATEGORY,kg:category/snacks,,,,,
kg:brand/rebisco,SOLD_IN,kg:place/ph,,,,,
kg:brand/silver-swan,IN_CATEGORY,kg:category/cooking-essentials,,,,,
kg:brand/silver-swan,SOLD_IN,kg:place/ph,,,,,
kg:brand/more,IN_CATEGORY,kg:category/tobacco-products,,,,,
kg:brand/more,SOLD_IN,kg:place/ph,,,,,
kg:brand/irish-spring,IN_CATEGORY,kg:category/personal-care,,,,,
kg:brand/irish-spring,SOLD_IN,kg:place/ph,,,,,
kg:brand/chippy,IN_CATEGORY,kg:category/snacks,,,,,
kg:brand/chippy,SOLD_IN,kg:place/ph,,,,,
kg:brand/tang,IN_CATEGORY,kg:category/beverages,,,,,
kg:brand/tang,SOLD_IN,kg:place/ph,,,,,
kg:brand/fita,IN_CATEGORY,kg:category/snacks,,,,,
kg:brand/fita,SOLD_IN,kg:place/ph,,,,,
kg:brand/san-miguel-pure-foods,IN_CATEGORY,kg:category/processed-foods,,,,,
kg:brand/san-miguel-pure-foods,SOLD_IN,kg:place/ph,,,,,
kg:brand/clear,IN_CATEGORY,kg:category/personal-care,,,,,
kg:brand/clear,SOLD_IN,kg:place/ph,,,,,
kg:brand/555,IN_CATEGORY,kg:category/canned-and-jarred-goods,,,,,
kg:brand/555,SOLD_IN,kg:place/ph,,,,,
kg:brand/ajinomoto,IN_CATEGORY,kg:category/cooking-essentials,,,,,
kg:brand/ajinomoto,SOLD_IN,kg:place/ph,,,,,
kg:brand/cdo,IN_CATEGORY,kg:category/canned-and-jarred-goods,,,,,
kg:brand/cdo,SOLD_IN,kg:place/ph,,,,,
kg:brand/piattos,IN_CATEGORY,kg:category/snacks-and-confectionery,,,,,
kg:brand/piattos,SOLD_IN,kg:place/ph,,,,,
kg:brand/corned-beef,IN_CATEGORY,kg:category/processed-foods,,,,,
kg:brand/corned-beef,SOLD_IN,kg:place/ph,,,,,
kg:brand/mountain-dew,IN_CATEGORY,kg:category/non-alcoholic-beverages,,,,,
kg:brand/mountain-dew,SOLD_IN,kg:place/ph,,,,,
kg:brand/surf,IN_CATEGORY,kg:category/household,,,,,
kg:brand/surf,SOLD_IN,kg:place/ph,,,,,
kg:brand/tide,IN_CATEGORY,kg:category/household-care,,,,,
kg:brand/tide,SOLD_IN,kg:place/ph,,,,,
kg:brand/supreme,IN_CATEGORY,kg:category/instant-foods,,,,,
kg:brand/supreme,SOLD_IN,kg:place/ph,,,,,
kg:brand/voice,IN_CATEGORY,kg:category/snacks,,,,,
kg:brand/voice,SOLD_IN,kg:place/ph,,,,,
kg:brand/swift,IN_CATEGORY,kg:category/processed,,,,,
kg:brand/swift,SOLD_IN,kg:place/ph,,,,,
kg:brand/libbys,IN_CATEGORY,kg:category/processed,,,,,
kg:brand/libbys,SOLD_IN,kg:place/ph,,,,,
kg:brand/maggi-magic-sarap,IN_CATEGORY,kg:category/cooking-essentials,,,,,
kg:brand/maggi-magic-sarap,SOLD_IN,kg:place/ph,,,,,
kg:brand/mega,IN_CATEGORY,kg:category/canned-and-jarred-goods,,,,,
kg:brand/mega,SOLD_IN,kg:place/ph,,,,,
kg:brand/dove,IN_CATEGORY,kg:category/personal-care,,,,,
kg:brand/dove,SOLD_IN,kg:place/ph,,,,,
kg:brand/mama-sitas,IN_CATEGORY,kg:category/cooking-essentials,,,,,
kg:brand/mama-sitas,SOLD_IN,kg:place/ph,,,,,
kg:brand/ginebra-san-miguel,IN_CATEGORY,kg:category/alcoholic-beverages,,,,,
kg:brand/ginebra-san-miguel,SOLD_IN,kg:place/ph,,,,,
kg:brand/san-miguel,IN_CATEGORY,kg:category/alcoholic-beverages,,,,,
kg:brand/san-miguel,SOLD_IN,kg:place/ph,,,,,
kg:brand/ginebra,IN_CATEGORY,kg:category/alcoholic,,,,,
kg:brand/ginebra,SOLD_IN,kg:place/ph,,,,,
kg:brand/sprite,IN_CATEGORY,kg:category/non-alcoholic-beverages,,,,,
kg:brand/sprite,SOLD_IN,kg:place/ph,,,,,
kg:brand/magic-flakes,IN_CATEGORY,kg:category/snacks-and-confectionery,,,,,
kg:brand/magic-flakes,SOLD_IN,kg:place/ph,,,,,
kg:brand/lucky-me!,IN_CATEGORY,kg:category/instant-foods,,,,,
kg:brand/lucky-me!,HAS_PARENT,kg:org/monde-nissin-corporation,,,,,
kg:brand/lucky-me!,SOLD_IN,kg:place/ph,,,,,
kg:brand/sting,IN_CATEGORY,kg:category/energy-drinks,,,,,
kg:brand/sting,SOLD_IN,kg:place/ph,,,,,
kg:brand/joy,IN_CATEGORY,kg:category/household-care,,,,,
kg:brand/joy,SOLD_IN,kg:place/ph,,,,,
kg:brand/champion,IN_CATEGORY,kg:category/tobacco-products,,,,,
kg:brand/champion,SOLD_IN,kg:place/ph,,,,,
kg:brand/hope,IN_CATEGORY,kg:category/tobacco-products,,,,,
kg:brand/hope,SOLD_IN,kg:place/ph,,,,,
kg:brand/enfagrow,IN_CATEGORY,kg:category/dairy,,,,,
kg:brand/enfagrow,SOLD_IN,kg:place/ph,,,,,
kg:brand/ufc,IN_CATEGORY,kg:category/cooking-essentials,,,,,
kg:brand/ufc,SOLD_IN,kg:place/ph,,,,,
kg:brand/hello,IN_CATEGORY,kg:category/snacks,,,,,
kg:brand/hello,SOLD_IN,kg:place/ph,,,,,
kg:brand/ma-ling,IN_CATEGORY,kg:category/processed,,,,,
kg:brand/ma-ling,SOLD_IN,kg:place/ph,,,,,
kg:brand/bear-brand,IN_CATEGORY,kg:category/dairy,,,,,
kg:brand/bear-brand,SOLD_IN,kg:place/ph,,,,,
kg:brand/safeguard,IN_CATEGORY,kg:category/personal-care,,,,,
kg:brand/safeguard,HAS_PARENT,kg:org/procter-and-gamble,,,,,
kg:brand/safeguard,SOLD_IN,kg:place/ph,,,,,
kg:brand/safeguard,MARKET_SHARE,kg:place/ph,2020,0.68,share,src:nielseniq-2025,0.85
kg:brand/datu-puti,IN_CATEGORY,kg:category/cooking-essentials,,,,,
kg:brand/datu-puti,SOLD_IN,kg:place/ph,,,,,
kg:brand/san-mig-light,IN_CATEGORY,kg:category/alcoholic-beverages,,,,,
kg:brand/san-mig-light,SOLD_IN,kg:place/ph,,,,,
kg:brand/nido,IN_CATEGORY,kg:category/dairy,,,,,
kg:brand/nido,SOLD_IN,kg:place/ph,,,,,
kg:brand/maggi,IN_CATEGORY,kg:category/instant-foods,,,,,
kg:brand/maggi,SOLD_IN,kg:place/ph,,,,,
kg:brand/astro,IN_CATEGORY,kg:category/tobacco-products,,,,,
kg:brand/astro,SOLD_IN,kg:place/ph,,,,,
kg:brand/bona-vita,IN_CATEGORY,kg:category/dairy,,,,,
kg:brand/bona-vita,SOLD_IN,kg:place/ph,,,,,
kg:brand/palmolive,IN_CATEGORY,kg:category/personal-care,,,,,
kg:brand/palmolive,SOLD_IN,kg:place/ph,,,,,
kg:brand/hansel,IN_CATEGORY,kg:category/snacks,,,,,
kg:brand/hansel,SOLD_IN,kg:place/ph,,,,,
kg:brand/tender-juicy,IN_CATEGORY,kg:category/processed,,,,,
kg:brand/tender-juicy,SOLD_IN,kg:place/ph,,,,,
kg:brand/c2,IN_CATEGORY,kg:category/non-alcoholic-beverages,,,,,
kg:brand/c2,SOLD_IN,kg:place/ph,,,,,
kg:brand/cigarettes,IN_CATEGORY,kg:category/tobacco-products,,,,,
kg:brand/cigarettes,SOLD_IN,kg:place/ph,,,,,
kg:brand/promil,IN_CATEGORY,kg:category/dairy,,,,,
kg:brand/promil,SOLD_IN,kg:place/ph,,,,,
kg:brand/nescafé,IN_CATEGORY,kg:category/beverages,,,,,
kg:brand/nescafé,SOLD_IN,kg:place/ph,,,,,
kg:brand/cobra,IN_CATEGORY,kg:category/non-alcoholic-beverages,,,,,
kg:brand/cobra,SOLD_IN,kg:place/ph,,,,,
kg:brand/bingo,IN_CATEGORY,kg:category/snacks,,,,,
kg:brand/bingo,SOLD_IN,kg:place/ph,,,,,
kg:brand/red-horse,IN_CATEGORY,kg:category/alcoholic-beverages,,,,,
kg:brand/red-horse,SOLD_IN,kg:place/ph,,,,,
kg:brand/close-up,IN_CATEGORY,kg:category/personal-care,,,,,
kg:brand/close-up,SOLD_IN,kg:place/ph,,,,,
kg:brand/gomo,IN_CATEGORY,kg:category/services,,,,,
kg:brand/gomo,SOLD_IN,kg:place/ph,,,,,
kg:brand/lux,IN_CATEGORY,kg:category/personal-care,,,,,
kg:brand/lux,SOLD_IN,kg:place/ph,,,,,
kg:brand/century-tuna,IN_CATEGORY,kg:category/canned-and-jarred-goods,,,,,
kg:brand/century-tuna,SOLD_IN,kg:place/ph,,,,,
kg:brand/roller-coaster,IN_CATEGORY,kg:category/snacks,,,,,
kg:brand/roller-coaster,SOLD_IN,kg:place/ph,,,,,
kg:brand/winston,IN_CATEGORY,kg:category/tobacco,,,,,
kg:brand/winston,SOLD_IN,kg:place/ph,,,,,
kg:brand/pantene,IN_CATEGORY,kg:category/personal-care,,,,,
kg:brand/pantene,SOLD_IN,kg:place/ph,,,,,
kg:brand/magnolia,IN_CATEGORY,kg:category/dairy,,,,,
kg:brand/magnolia,SOLD_IN,kg:place/ph,,,,,
kg:brand/fortune,IN_CATEGORY,kg:category/tobacco,,,,,
kg:brand/fortune,SOLD_IN,kg:place/ph,,,,,
kg:brand/royal-tru-orange,IN_CATEGORY,kg:category/non-alcoholic-beverages,,,,,
kg:brand/royal-tru-orange,SOLD_IN,kg:place/ph,,,,,
kg:brand/highlands,COMPETES_WITH,kg:brand/holiday,,,,,
kg:brand/holiday,COMPETES_WITH,kg:brand/highlands,,,,,
kg:brand/highlands,COMPETES_WITH,kg:brand/purefoods-star,,,,,
kg:brand/purefoods-star,COMPETES_WITH,kg:brand/highlands,,,,,
kg:brand/highlands,COMPETES_WITH,kg:brand/san-miguel-pure-foods,,,,,
kg:brand/san-miguel-pure-foods,COMPETES_WITH,kg:brand/highlands,,,,,
kg:brand/highlands,COMPETES_WITH,kg:brand/corned-beef,,,,,
kg:brand/corned-beef,COMPETES_WITH,kg:brand/highlands,,,,,
kg:brand/holiday,COMPETES_WITH,kg:brand/purefoods-star,,,,,
kg:brand/purefoods-star,COMPETES_WITH,kg:brand/holiday,,,,,
kg:brand/holiday,COMPETES_WITH,kg:brand/san-miguel-pure-foods,,,,,
kg:brand/san-miguel-pure-foods,COMPETES_WITH,kg:brand/holiday,,,,,
kg:brand/holiday,COMPETES_WITH,kg:brand/corned-beef,,,,,
kg:brand/corned-beef,COMPETES_WITH,kg:brand/holiday,,,,,
kg:brand/purefoods-star,COMPETES_WITH,kg:brand/san-miguel-pure-foods,,,,,
kg:brand/san-miguel-pure-foods,COMPETES_WITH,kg:brand/purefoods-star,,,,,
kg:brand/purefoods-star,COMPETES_WITH,kg:brand/corned-beef,,,,,
kg:brand/corned-beef,COMPETES_WITH,kg:brand/purefoods-star,,,,,
kg:brand/san-miguel-pure-foods,COMPETES_WITH,kg:brand/corned-beef,,,,,
kg:brand/corned-beef,COMPETES_WITH,kg:brand/san-miguel-pure-foods,,,,,
kg:brand/extra-joss,COMPETES_WITH,kg:brand/sting,,,,,
kg:brand/sting,COMPETES_WITH,kg:brand/extra-joss,,,,,
kg:brand/7up,COMPETES_WITH,kg:brand/rc-cola,,,,,
kg:brand/rc-cola,COMPETES_WITH,kg:brand/7up,,,,,
kg:brand/7up,COMPETES_WITH,kg:brand/pepsi,,,,,
kg:brand/pepsi,COMPETES_WITH,kg:brand/7up,,,,,
kg:brand/7up,COMPETES_WITH,kg:brand/coca-cola,,,,,
kg:brand/coca-cola,COMPETES_WITH,kg:brand/7up,,,,,
kg:brand/7up,COMPETES_WITH,kg:brand/gatorade,,,,,
kg:brand/gatorade,COMPETES_WITH,kg:brand/7up,,,,,
kg:brand/7up,COMPETES_WITH,kg:brand/mountain-dew,,,,,
kg:brand/mountain-dew,COMPETES_WITH,kg:brand/7up,,,,,
kg:brand/7up,COMPETES_WITH,kg:brand/sprite,,,,,
kg:brand/sprite,COMPETES_WITH,kg:brand/7up,,,,,
kg:brand/7up,COMPETES_WITH,kg:brand/c2,,,,,
kg:brand/c2,COMPETES_WITH,kg:brand/7up,,,,,
kg:brand/7up,COMPETES_WITH,kg:brand/cobra,,,,,
kg:brand/cobra,COMPETES_WITH,kg:brand/7up,,,,,
kg:brand/7up,COMPETES_WITH,kg:brand/royal-tru-orange,,,,,
kg:brand/royal-tru-orange,COMPETES_WITH,kg:brand/7up,,,,,
kg:brand/rc-cola,COMPETES_WITH,kg:brand/pepsi,,,,,
kg:brand/pepsi,COMPETES_WITH,kg:brand/rc-cola,,,,,
kg:brand/rc-cola,COMPETES_WITH,kg:brand/coca-cola,,,,,
kg:brand/coca-cola,COMPETES_WITH,kg:brand/rc-cola,,,,,
kg:brand/rc-cola,COMPETES_WITH,kg:brand/gatorade,,,,,
kg:brand/gatorade,COMPETES_WITH,kg:brand/rc-cola,,,,,
kg:brand/rc-cola,COMPETES_WITH,kg:brand/mountain-dew,,,,,
kg:brand/mountain-dew,COMPETES_WITH,kg:brand/rc-cola,,,,,
kg:brand/rc-cola,COMPETES_WITH,kg:brand/sprite,,,,,
kg:brand/sprite,COMPETES_WITH,kg:brand/rc-cola,,,,,
kg:brand/rc-cola,COMPETES_WITH,kg:brand/c2,,,,,
kg:brand/c2,COMPETES_WITH,kg:brand/rc-cola,,,,,
kg:brand/rc-cola,COMPETES_WITH,kg:brand/cobra,,,,,
kg:brand/cobra,COMPETES_WITH,kg:brand/rc-cola,,,,,
kg:brand/rc-cola,COMPETES_WITH,kg:brand/royal-tru-orange,,,,,
kg:brand/royal-tru-orange,COMPETES_WITH,kg:brand/rc-cola,,,,,
kg:brand/pepsi,COMPETES_WITH,kg:brand/coca-cola,,,,,
kg:brand/coca-cola,COMPETES_WITH,kg:brand/pepsi,,,,,
kg:brand/pepsi,COMPETES_WITH,kg:brand/gatorade,,,,,
kg:brand/gatorade,COMPETES_WITH,kg:brand/pepsi,,,,,
kg:brand/pepsi,COMPETES_WITH,kg:brand/mountain-dew,,,,,
kg:brand/mountain-dew,COMPETES_WITH,kg:brand/pepsi,,,,,
kg:brand/pepsi,COMPETES_WITH,kg:brand/sprite,,,,,
kg:brand/sprite,COMPETES_WITH,kg:brand/pepsi,,,,,
kg:brand/pepsi,COMPETES_WITH,kg:brand/c2,,,,,
kg:brand/c2,COMPETES_WITH,kg:brand/pepsi,,,,,
kg:brand/pepsi,COMPETES_WITH,kg:brand/cobra,,,,,
kg:brand/cobra,COMPETES_WITH,kg:brand/pepsi,,,,,
kg:brand/pepsi,COMPETES_WITH,kg:brand/royal-tru-orange,,,,,
kg:brand/royal-tru-orange,COMPETES_WITH,kg:brand/pepsi,,,,,
kg:brand/coca-cola,COMPETES_WITH,kg:brand/gatorade,,,,,
kg:brand/gatorade,COMPETES_WITH,kg:brand/coca-cola,,,,,
kg:brand/coca-cola,COMPETES_WITH,kg:brand/mountain-dew,,,,,
kg:brand/mountain-dew,COMPETES_WITH,kg:brand/coca-cola,,,,,
kg:brand/coca-cola,COMPETES_WITH,kg:brand/sprite,,,,,
kg:brand/sprite,COMPETES_WITH,kg:brand/coca-cola,,,,,
kg:brand/coca-cola,COMPETES_WITH,kg:brand/c2,,,,,
kg:brand/c2,COMPETES_WITH,kg:brand/coca-cola,,,,,
kg:brand/coca-cola,COMPETES_WITH,kg:brand/cobra,,,,,
kg:brand/cobra,COMPETES_WITH,kg:brand/coca-cola,,,,,
kg:brand/coca-cola,COMPETES_WITH,kg:brand/royal-tru-orange,,,,,
kg:brand/royal-tru-orange,COMPETES_WITH,kg:brand/coca-cola,,,,,
kg:brand/gatorade,COMPETES_WITH,kg:brand/mountain-dew,,,,,
kg:brand/mountain-dew,COMPETES_WITH,kg:brand/gatorade,,,,,
kg:brand/gatorade,COMPETES_WITH,kg:brand/sprite,,,,,
kg:brand/sprite,COMPETES_WITH,kg:brand/gatorade,,,,,
kg:brand/gatorade,COMPETES_WITH,kg:brand/c2,,,,,
kg:brand/c2,COMPETES_WITH,kg:brand/gatorade,,,,,
kg:brand/gatorade,COMPETES_WITH,kg:brand/cobra,,,,,
kg:brand/cobra,COMPETES_WITH,kg:brand/gatorade,,,,,
kg:brand/gatorade,COMPETES_WITH,kg:brand/royal-tru-orange,,,,,
kg:brand/royal-tru-orange,COMPETES_WITH,kg:brand/gatorade,,,,,
kg:brand/mountain-dew,COMPETES_WITH,kg:brand/sprite,,,,,
kg:brand/sprite,COMPETES_WITH,kg:brand/mountain-dew,,,,,
kg:brand/mountain-dew,COMPETES_WITH,kg:brand/c2,,,,,
kg:brand/c2,COMPETES_WITH,kg:brand/mountain-dew,,,,,
kg:brand/mountain-dew,COMPETES_WITH,kg:brand/cobra,,,,,
kg:brand/cobra,COMPETES_WITH,kg:brand/mountain-dew,,,,,
kg:brand/mountain-dew,COMPETES_WITH,kg:brand/royal-tru-orange,,,,,
kg:brand/royal-tru-orange,COMPETES_WITH,kg:brand/mountain-dew,,,,,
kg:brand/sprite,COMPETES_WITH,kg:brand/c2,,,,,
kg:brand/c2,COMPETES_WITH,kg:brand/sprite,,,,,
kg:brand/sprite,COMPETES_WITH,kg:brand/cobra,,,,,
kg:brand/cobra,COMPETES_WITH,kg:brand/sprite,,,,,
kg:brand/sprite,COMPETES_WITH,kg:brand/royal-tru-orange,,,,,
kg:brand/royal-tru-orange,COMPETES_WITH,kg:brand/sprite,,,,,
kg:brand/c2,COMPETES_WITH,kg:brand/cobra,,,,,
kg:brand/cobra,COMPETES_WITH,kg:brand/c2,,,,,
kg:brand/c2,COMPETES_WITH,kg:brand/royal-tru-orange,,,,,
kg:brand/royal-tru-orange,COMPETES_WITH,kg:brand/c2,,,,,
kg:brand/cobra,COMPETES_WITH,kg:brand/royal-tru-orange,,,,,
kg:brand/royal-tru-orange,COMPETES_WITH,kg:brand/cobra,,,,,
kg:brand/mr-clean,COMPETES_WITH,kg:brand/lysol,,,,,
kg:brand/lysol,COMPETES_WITH,kg:brand/mr-clean,,,,,
kg:brand/mr-clean,COMPETES_WITH,kg:brand/ariel,,,,,
kg:brand/ariel,COMPETES_WITH,kg:brand/mr-clean,,,,,
kg:brand/mr-clean,COMPETES_WITH,kg:brand/downy,,,,,
kg:brand/downy,COMPETES_WITH,kg:brand/mr-clean,,,,,
kg:brand/mr-clean,COMPETES_WITH,kg:brand/comfort,,,,,
kg:brand/comfort,COMPETES_WITH,kg:brand/mr-clean,,,,,
kg:brand/mr-clean,COMPETES_WITH,kg:brand/tide,,,,,
kg:brand/tide,COMPETES_WITH,kg:brand/mr-clean,,,,,
kg:brand/mr-clean,COMPETES_WITH,kg:brand/joy,,,,,
kg:brand/joy,COMPETES_WITH,kg:brand/mr-clean,,,,,
kg:brand/lysol,COMPETES_WITH,kg:brand/ariel,,,,,
kg:brand/ariel,COMPETES_WITH,kg:brand/lysol,,,,,
kg:brand/lysol,COMPETES_WITH,kg:brand/downy,,,,,
kg:brand/downy,COMPETES_WITH,kg:brand/lysol,,,,,
kg:brand/lysol,COMPETES_WITH,kg:brand/comfort,,,,,
kg:brand/comfort,COMPETES_WITH,kg:brand/lysol,,,,,
kg:brand/lysol,COMPETES_WITH,kg:brand/tide,,,,,
kg:brand/tide,COMPETES_WITH,kg:brand/lysol,,,,,
kg:brand/lysol,COMPETES_WITH,kg:brand/joy,,,,,
kg:brand/joy,COMPETES_WITH,kg:brand/lysol,,,,,
kg:brand/ariel,COMPETES_WITH,kg:brand/downy,,,,,
kg:brand/downy,COMPETES_WITH,kg:brand/ariel,,,,,
kg:brand/ariel,COMPETES_WITH,kg:brand/comfort,,,,,
kg:brand/comfort,COMPETES_WITH,kg:brand/ariel,,,,,
kg:brand/ariel,COMPETES_WITH,kg:brand/tide,,,,,
kg:brand/tide,COMPETES_WITH,kg:brand/ariel,,,,,
kg:brand/ariel,COMPETES_WITH,kg:brand/joy,,,,,
kg:brand/joy,COMPETES_WITH,kg:brand/ariel,,,,,
kg:brand/downy,COMPETES_WITH,kg:brand/comfort,,,,,
kg:brand/comfort,COMPETES_WITH,kg:brand/downy,,,,,
kg:brand/downy,COMPETES_WITH,kg:brand/tide,,,,,
kg:brand/tide,COMPETES_WITH,kg:brand/downy,,,,,
kg:brand/downy,COMPETES_WITH,kg:brand/joy,,,,,
kg:brand/joy,COMPETES_WITH,kg:brand/downy,,,,,
kg:brand/comfort,COMPETES_WITH,kg:brand/tide,,,,,
kg:brand/tide,COMPETES_WITH,kg:brand/comfort,,,,,
kg:brand/comfort,COMPETES_WITH,kg:brand/joy,,,,,
kg:brand/joy,COMPETES_WITH,kg:brand/comfort,,,,,
kg:brand/tide,COMPETES_WITH,kg:brand/joy,,,,,
kg:brand/joy,COMPETES_WITH,kg:brand/tide,,,,,
kg:brand/golden-fiesta,COMPETES_WITH,kg:brand/minola,,,,,
kg:brand/minola,COMPETES_WITH,kg:brand/golden-fiesta,,,,,
kg:brand/golden-fiesta,COMPETES_WITH,kg:brand/mang-tomas,,,,,
kg:brand/mang-tomas,COMPETES_WITH,kg:brand/golden-fiesta,,,,,
kg:brand/golden-fiesta,COMPETES_WITH,kg:brand/nutriasia,,,,,
kg:brand/nutriasia,COMPETES_WITH,kg:brand/golden-fiesta,,,,,
kg:brand/golden-fiesta,COMPETES_WITH,kg:brand/knorr,,,,,
kg:brand/knorr,COMPETES_WITH,kg:brand/golden-fiesta,,,,,
kg:brand/golden-fiesta,COMPETES_WITH,kg:brand/silver-swan,,,,,
kg:brand/silver-swan,COMPETES_WITH,kg:brand/golden-fiesta,,,,,
kg:brand/golden-fiesta,COMPETES_WITH,kg:brand/ajinomoto,,,,,
kg:brand/ajinomoto,COMPETES_WITH,kg:brand/golden-fiesta,,,,,
kg:brand/golden-fiesta,COMPETES_WITH,kg:brand/maggi-magic-sarap,,,,,
kg:brand/maggi-magic-sarap,COMPETES_WITH,kg:brand/golden-fiesta,,,,,
kg:brand/golden-fiesta,COMPETES_WITH,kg:brand/mama-sitas,,,,,
kg:brand/mama-sitas,COMPETES_WITH,kg:brand/golden-fiesta,,,,,
kg:brand/golden-fiesta,COMPETES_WITH,kg:brand/ufc,,,,,
kg:brand/ufc,COMPETES_WITH,kg:brand/golden-fiesta,,,,,
kg:brand/golden-fiesta,COMPETES_WITH,kg:brand/datu-puti,,,,,
kg:brand/datu-puti,COMPETES_WITH,kg:brand/golden-fiesta,,,,,
kg:brand/minola,COMPETES_WITH,kg:brand/mang-tomas,,,,,
kg:brand/mang-tomas,COMPETES_WITH,kg:brand/minola,,,,,
kg:brand/minola,COMPETES_WITH,kg:brand/nutriasia,,,,,
kg:brand/nutriasia,COMPETES_WITH,kg:brand/minola,,,,,
kg:brand/minola,COMPETES_WITH,kg:brand/knorr,,,,,
kg:brand/knorr,COMPETES_WITH,kg:brand/minola,,,,,
kg:brand/minola,COMPETES_WITH,kg:brand/silver-swan,,,,,
kg:brand/silver-swan,COMPETES_WITH,kg:brand/minola,,,,,
kg:brand/minola,COMPETES_WITH,kg:brand/ajinomoto,,,,,
kg:brand/ajinomoto,COMPETES_WITH,kg:brand/minola,,,,,
kg:brand/minola,COMPETES_WITH,kg:brand/maggi-magic-sarap,,,,,
kg:brand/maggi-magic-sarap,COMPETES_WITH,kg:brand/minola,,,,,
kg:brand/minola,COMPETES_WITH,kg:brand/mama-sitas,,,,,
kg:brand/mama-sitas,COMPETES_WITH,kg:brand/minola,,,,,
kg:brand/minola,COMPETES_WITH,kg:brand/ufc,,,,,
kg:brand/ufc,COMPETES_WITH,kg:brand/minola,,,,,
kg:brand/minola,COMPETES_WITH,kg:brand/datu-puti,,,,,
kg:brand/datu-puti,COMPETES_WITH,kg:brand/minola,,,,,
kg:brand/mang-tomas,COMPETES_WITH,kg:brand/nutriasia,,,,,
kg:brand/nutriasia,COMPETES_WITH,kg:brand/mang-tomas,,,,,
kg:brand/mang-tomas,COMPETES_WITH,kg:brand/knorr,,,,,
kg:brand/knorr,COMPETES_WITH,kg:brand/mang-tomas,,,,,
kg:brand/mang-tomas,COMPETES_WITH,kg:brand/silver-swan,,,,,
kg:brand/silver-swan,COMPETES_WITH,kg:brand/mang-tomas,,,,,
kg:brand/mang-tomas,COMPETES_WITH,kg:brand/ajinomoto,,,,,
kg:brand/ajinomoto,COMPETES_WITH,kg:brand/mang-tomas,,,,,
kg:brand/mang-tomas,COMPETES_WITH,kg:brand/maggi-magic-sarap,,,,,
kg:brand/maggi-magic-sarap,COMPETES_WITH,kg:brand/mang-tomas,,,,,
kg:brand/mang-tomas,COMPETES_WITH,kg:brand/mama-sitas,,,,,
kg:brand/mama-sitas,COMPETES_WITH,kg:brand/mang-tomas,,,,,
kg:brand/mang-tomas,COMPETES_WITH,kg:brand/ufc,,,,,
kg:brand/ufc,COMPETES_WITH,kg:brand/mang-tomas,,,,,
kg:brand/mang-tomas,COMPETES_WITH,kg:brand/datu-puti,,,,,
kg:brand/datu-puti,COMPETES_WITH,kg:brand/mang-tomas,,,,,
kg:brand/nutriasia,COMPETES_WITH,kg:brand/knorr,,,,,
kg:brand/knorr,COMPETES_WITH,kg:brand/nutriasia,,,,,
kg:brand/nutriasia,COMPETES_WITH,kg:brand/silver-swan,,,,,
kg:brand/silver-swan,COMPETES_WITH,kg:brand/nutriasia,,,,,
kg:brand/nutriasia,COMPETES_WITH,kg:brand/ajinomoto,,,,,
kg:brand/ajinomoto,COMPETES_WITH,kg:brand/nutriasia,,,,,
kg:brand/nutriasia,COMPETES_WITH,kg:brand/maggi-magic-sarap,,,,,
kg:brand/maggi-magic-sarap,COMPETES_WITH,kg:brand/nutriasia,,,,,
kg:brand/nutriasia,COMPETES_WITH,kg:brand/mama-sitas,,,,,
kg:brand/mama-sitas,COMPETES_WITH,kg:brand/nutriasia,,,,,
kg:brand/nutriasia,COMPETES_WITH,kg:brand/ufc,,,,,
kg:brand/ufc,COMPETES_WITH,kg:brand/nutriasia,,,,,
kg:brand/nutriasia,COMPETES_WITH,kg:brand/datu-puti,,,,,
kg:brand/datu-puti,COMPETES_WITH,kg:brand/nutriasia,,,,,
kg:brand/knorr,COMPETES_WITH,kg:brand/silver-swan,,,,,
kg:brand/silver-swan,COMPETES_WITH,kg:brand/knorr,,,,,
kg:brand/knorr,COMPETES_WITH,kg:brand/ajinomoto,,,,,
kg:brand/ajinomoto,COMPETES_WITH,kg:brand/knorr,,,,,
kg:brand/knorr,COMPETES_WITH,kg:brand/maggi-magic-sarap,,,,,
kg:brand/maggi-magic-sarap,COMPETES_WITH,kg:brand/knorr,,,,,
kg:brand/knorr,COMPETES_WITH,kg:brand/mama-sitas,,,,,
kg:brand/mama-sitas,COMPETES_WITH,kg:brand/knorr,,,,,
kg:brand/knorr,COMPETES_WITH,kg:brand/ufc,,,,,
kg:brand/ufc,COMPETES_WITH,kg:brand/knorr,,,,,
kg:brand/knorr,COMPETES_WITH,kg:brand/datu-puti,,,,,
kg:brand/datu-puti,COMPETES_WITH,kg:brand/knorr,,,,,
kg:brand/silver-swan,COMPETES_WITH,kg:brand/ajinomoto,,,,,
kg:brand/ajinomoto,COMPETES_WITH,kg:brand/silver-swan,,,,,
kg:brand/silver-swan,COMPETES_WITH,kg:brand/maggi-magic-sarap,,,,,
kg:brand/maggi-magic-sarap,COMPETES_WITH,kg:brand/silver-swan,,,,,
kg:brand/silver-swan,COMPETES_WITH,kg:brand/mama-sitas,,,,,
kg:brand/mama-sitas,COMPETES_WITH,kg:brand/silver-swan,,,,,
kg:brand/silver-swan,COMPETES_WITH,kg:brand/ufc,,,,,
kg:brand/ufc,COMPETES_WITH,kg:brand/silver-swan,,,,,
kg:brand/silver-swan,COMPETES_WITH,kg:brand/datu-puti,,,,,
kg:brand/datu-puti,COMPETES_WITH,kg:brand/silver-swan,,,,,
kg:brand/ajinomoto,COMPETES_WITH,kg:brand/maggi-magic-sarap,,,,,
kg:brand/maggi-magic-sarap,COMPETES_WITH,kg:brand/ajinomoto,,,,,
kg:brand/ajinomoto,COMPETES_WITH,kg:brand/mama-sitas,,,,,
kg:brand/mama-sitas,COMPETES_WITH,kg:brand/ajinomoto,,,,,
kg:brand/ajinomoto,COMPETES_WITH,kg:brand/ufc,,,,,
kg:brand/ufc,COMPETES_WITH,kg:brand/ajinomoto,,,,,
kg:brand/ajinomoto,COMPETES_WITH,kg:brand/datu-puti,,,,,
kg:brand/datu-puti,COMPETES_WITH,kg:brand/ajinomoto,,,,,
kg:brand/maggi-magic-sarap,COMPETES_WITH,kg:brand/mama-sitas,,,,,
kg:brand/mama-sitas,COMPETES_WITH,kg:brand/maggi-magic-sarap,,,,,
kg:brand/maggi-magic-sarap,COMPETES_WITH,kg:brand/ufc,,,,,
kg:brand/ufc,COMPETES_WITH,kg:brand/maggi-magic-sarap,,,,,
kg:brand/maggi-magic-sarap,COMPETES_WITH,kg:brand/datu-puti,,,,,
kg:brand/datu-puti,COMPETES_WITH,kg:brand/maggi-magic-sarap,,,,,
kg:brand/mama-sitas,COMPETES_WITH,kg:brand/ufc,,,,,
kg:brand/ufc,COMPETES_WITH,kg:brand/mama-sitas,,,,,
kg:brand/mama-sitas,COMPETES_WITH,kg:brand/datu-puti,,,,,
kg:brand/datu-puti,COMPETES_WITH,kg:brand/mama-sitas,,,,,
kg:brand/ufc,COMPETES_WITH,kg:brand/datu-puti,,,,,
kg:brand/datu-puti,COMPETES_WITH,kg:brand/ufc,,,,,
kg:brand/talk-n-text,COMPETES_WITH,kg:brand/cherry-prepaid,,,,,
kg:brand/cherry-prepaid,COMPETES_WITH,kg:brand/talk-n-text,,,,,
kg:brand/talk-n-text,COMPETES_WITH,kg:brand/touch-mobile,,,,,
kg:brand/touch-mobile,COMPETES_WITH,kg:brand/talk-n-text,,,,,
kg:brand/talk-n-text,COMPETES_WITH,kg:brand/sun-cellular,,,,,
kg:brand/sun-cellular,COMPETES_WITH,kg:brand/talk-n-text,,,,,
kg:brand/talk-n-text,COMPETES_WITH,kg:brand/gomo,,,,,
kg:brand/gomo,COMPETES_WITH,kg:brand/talk-n-text,,,,,
kg:brand/cherry-prepaid,COMPETES_WITH,kg:brand/touch-mobile,,,,,
kg:brand/touch-mobile,COMPETES_WITH,kg:brand/cherry-prepaid,,,,,
kg:brand/cherry-prepaid,COMPETES_WITH,kg:brand/sun-cellular,,,,,
kg:brand/sun-cellular,COMPETES_WITH,kg:brand/cherry-prepaid,,,,,
kg:brand/cherry-prepaid,COMPETES_WITH,kg:brand/gomo,,,,,
kg:brand/gomo,COMPETES_WITH,kg:brand/cherry-prepaid,,,,,
kg:brand/touch-mobile,COMPETES_WITH,kg:brand/sun-cellular,,,,,
kg:brand/sun-cellular,COMPETES_WITH,kg:brand/touch-mobile,,,,,
kg:brand/touch-mobile,COMPETES_WITH,kg:brand/gomo,,,,,
kg:brand/gomo,COMPETES_WITH,kg:brand/touch-mobile,,,,,
kg:brand/sun-cellular,COMPETES_WITH,kg:brand/gomo,,,,,
kg:brand/gomo,COMPETES_WITH,kg:brand/sun-cellular,,,,,
kg:brand/alaska,COMPETES_WITH,kg:brand/angel,,,,,
kg:brand/angel,COMPETES_WITH,kg:brand/alaska,,,,,
kg:brand/alaska,COMPETES_WITH,kg:brand/nestlé,,,,,
kg:brand/nestlé,COMPETES_WITH,kg:brand/alaska,,,,,
kg:brand/alaska,COMPETES_WITH,kg:brand/carnation,,,,,
kg:brand/carnation,COMPETES_WITH,kg:brand/alaska,,,,,
kg:brand/alaska,COMPETES_WITH,kg:brand/selecta,,,,,
kg:brand/selecta,COMPETES_WITH,kg:brand/alaska,,,,,
kg:brand/alaska,COMPETES_WITH,kg:brand/enfagrow,,,,,
kg:brand/enfagrow,COMPETES_WITH,kg:brand/alaska,,,,,
kg:brand/alaska,COMPETES_WITH,kg:brand/bear-brand,,,,,
kg:brand/bear-brand,COMPETES_WITH,kg:brand/alaska,,,,,
kg:brand/alaska,COMPETES_WITH,kg:brand/nido,,,,,
kg:brand/nido,COMPETES_WITH,kg:brand/alaska,,,,,
kg:brand/alaska,COMPETES_WITH,kg:brand/bona-vita,,,,,
kg:brand/bona-vita,COMPETES_WITH,kg:brand/alaska,,,,,
kg:brand/alaska,COMPETES_WITH,kg:brand/promil,,,,,
kg:brand/promil,COMPETES_WITH,kg:brand/alaska,,,,,
kg:brand/alaska,COMPETES_WITH,kg:brand/magnolia,,,,,
kg:brand/magnolia,COMPETES_WITH,kg:brand/alaska,,,,,
kg:brand/angel,COMPETES_WITH,kg:brand/nestlé,,,,,
kg:brand/nestlé,COMPETES_WITH,kg:brand/angel,,,,,
kg:brand/angel,COMPETES_WITH,kg:brand/carnation,,,,,
kg:brand/carnation,COMPETES_WITH,kg:brand/angel,,,,,
kg:brand/angel,COMPETES_WITH,kg:brand/selecta,,,,,
kg:brand/selecta,COMPETES_WITH,kg:brand/angel,,,,,
kg:brand/angel,COMPETES_WITH,kg:brand/enfagrow,,,,,
kg:brand/enfagrow,COMPETES_WITH,kg:brand/angel,,,,,
kg:brand/angel,COMPETES_WITH,kg:brand/bear-brand,,,,,
kg:brand/bear-brand,COMPETES_WITH,kg:brand/angel,,,,,
kg:brand/angel,COMPETES_WITH,kg:brand/nido,,,,,
kg:brand/nido,COMPETES_WITH,kg:brand/angel,,,,,
kg:brand/angel,COMPETES_WITH,kg:brand/bona-vita,,,,,
kg:brand/bona-vita,COMPETES_WITH,kg:brand/angel,,,,,
kg:brand/angel,COMPETES_WITH,kg:brand/promil,,,,,
kg:brand/promil,COMPETES_WITH,kg:brand/angel,,,,,
kg:brand/angel,COMPETES_WITH,kg:brand/magnolia,,,,,
kg:brand/magnolia,COMPETES_WITH,kg:brand/angel,,,,,
kg:brand/nestlé,COMPETES_WITH,kg:brand/carnation,,,,,
kg:brand/carnation,COMPETES_WITH,kg:brand/nestlé,,,,,
kg:brand/nestlé,COMPETES_WITH,kg:brand/selecta,,,,,
kg:brand/selecta,COMPETES_WITH,kg:brand/nestlé,,,,,
kg:brand/nestlé,COMPETES_WITH,kg:brand/enfagrow,,,,,
kg:brand/enfagrow,COMPETES_WITH,kg:brand/nestlé,,,,,
kg:brand/nestlé,COMPETES_WITH,kg:brand/bear-brand,,,,,
kg:brand/bear-brand,COMPETES_WITH,kg:brand/nestlé,,,,,
kg:brand/nestlé,COMPETES_WITH,kg:brand/nido,,,,,
kg:brand/nido,COMPETES_WITH,kg:brand/nestlé,,,,,
kg:brand/nestlé,COMPETES_WITH,kg:brand/bona-vita,,,,,
kg:brand/bona-vita,COMPETES_WITH,kg:brand/nestlé,,,,,
kg:brand/nestlé,COMPETES_WITH,kg:brand/promil,,,,,
kg:brand/promil,COMPETES_WITH,kg:brand/nestlé,,,,,
kg:brand/nestlé,COMPETES_WITH,kg:brand/magnolia,,,,,
kg:brand/magnolia,COMPETES_WITH,kg:brand/nestlé,,,,,
kg:brand/carnation,COMPETES_WITH,kg:brand/selecta,,,,,
kg:brand/selecta,COMPETES_WITH,kg:brand/carnation,,,,,
kg:brand/carnation,COMPETES_WITH,kg:brand/enfagrow,,,,,
kg:brand/enfagrow,COMPETES_WITH,kg:brand/carnation,,,,,
kg:brand/carnation,COMPETES_WITH,kg:brand/bear-brand,,,,,
kg:brand/bear-brand,COMPETES_WITH,kg:brand/carnation,,,,,
kg:brand/carnation,COMPETES_WITH,kg:brand/nido,,,,,
kg:brand/nido,COMPETES_WITH,kg:brand/carnation,,,,,
kg:brand/carnation,COMPETES_WITH,kg:brand/bona-vita,,,,,
kg:brand/bona-vita,COMPETES_WITH,kg:brand/carnation,,,,,
kg:brand/carnation,COMPETES_WITH,kg:brand/promil,,,,,
kg:brand/promil,COMPETES_WITH,kg:brand/carnation,,,,,
kg:brand/carnation,COMPETES_WITH,kg:brand/magnolia,,,,,
kg:brand/magnolia,COMPETES_WITH,kg:brand/carnation,,,,,
kg:brand/selecta,COMPETES_WITH,kg:brand/enfagrow,,,,,
kg:brand/enfagrow,COMPETES_WITH,kg:brand/selecta,,,,,
kg:brand/selecta,COMPETES_WITH,kg:brand/bear-brand,,,,,
kg:brand/bear-brand,COMPETES_WITH,kg:brand/selecta,,,,,
kg:brand/selecta,COMPETES_WITH,kg:brand/nido,,,,,
kg:brand/nido,COMPETES_WITH,kg:brand/selecta,,,,,
kg:brand/selecta,COMPETES_WITH,kg:brand/bona-vita,,,,,
kg:brand/bona-vita,COMPETES_WITH,kg:brand/selecta,,,,,
kg:brand/selecta,COMPETES_WITH,kg:brand/promil,,,,,
kg:brand/promil,COMPETES_WITH,kg:brand/selecta,,,,,
kg:brand/selecta,COMPETES_WITH,kg:brand/magnolia,,,,,
kg:brand/magnolia,COMPETES_WITH,kg:brand/selecta,,,,,
kg:brand/enfagrow,COMPETES_WITH,kg:brand/bear-brand,,,,,
kg:brand/bear-brand,COMPETES_WITH,kg:brand/enfagrow,,,,,
kg:brand/enfagrow,COMPETES_WITH,kg:brand/nido,,,,,
kg:brand/nido,COMPETES_WITH,kg:brand/enfagrow,,,,,
kg:brand/enfagrow,COMPETES_WITH,kg:brand/bona-vita,,,,,
kg:brand/bona-vita,COMPETES_WITH,kg:brand/enfagrow,,,,,
kg:brand/enfagrow,COMPETES_WITH,kg:brand/promil,,,,,
kg:brand/promil,COMPETES_WITH,kg:brand/enfagrow,,,,,
kg:brand/enfagrow,COMPETES_WITH,kg:brand/magnolia,,,,,
kg:brand/magnolia,COMPETES_WITH,kg:brand/enfagrow,,,,,
kg:brand/bear-brand,COMPETES_WITH,kg:brand/nido,,,,,
kg:brand/nido,COMPETES_WITH,kg:brand/bear-brand,,,,,
kg:brand/bear-brand,COMPETES_WITH,kg:brand/bona-vita,,,,,
kg:brand/bona-vita,COMPETES_WITH,kg:brand/bear-brand,,,,,
kg:brand/bear-brand,COMPETES_WITH,kg:brand/promil,,,,,
kg:brand/promil,COMPETES_WITH,kg:brand/bear-brand,,,,,
kg:brand/bear-brand,COMPETES_WITH,kg:brand/magnolia,,,,,
kg:brand/magnolia,COMPETES_WITH,kg:brand/bear-brand,,,,,
kg:brand/nido,COMPETES_WITH,kg:brand/bona-vita,,,,,
kg:brand/bona-vita,COMPETES_WITH,kg:brand/nido,,,,,
kg:brand/nido,COMPETES_WITH,kg:brand/promil,,,,,
kg:brand/promil,COMPETES_WITH,kg:brand/nido,,,,,
kg:brand/nido,COMPETES_WITH,kg:brand/magnolia,,,,,
kg:brand/magnolia,COMPETES_WITH,kg:brand/nido,,,,,
kg:brand/bona-vita,COMPETES_WITH,kg:brand/promil,,,,,
kg:brand/promil,COMPETES_WITH,kg:brand/bona-vita,,,,,
kg:brand/bona-vita,COMPETES_WITH,kg:brand/magnolia,,,,,
kg:brand/magnolia,COMPETES_WITH,kg:brand/bona-vita,,,,,
kg:brand/promil,COMPETES_WITH,kg:brand/magnolia,,,,,
kg:brand/magnolia,COMPETES_WITH,kg:brand/promil,,,,,
kg:brand/sunsilk,COMPETES_WITH,kg:brand/bioderm,,,,,
kg:brand/bioderm,COMPETES_WITH,kg:brand/sunsilk,,,,,
kg:brand/sunsilk,COMPETES_WITH,kg:brand/colgate,,,,,
kg:brand/colgate,COMPETES_WITH,kg:brand/sunsilk,,,,,
kg:brand/sunsilk,COMPETES_WITH,kg:brand/head-and-shoulders,,,,,
kg:brand/head-and-shoulders,COMPETES_WITH,kg:brand/sunsilk,,,,,
kg:brand/sunsilk,COMPETES_WITH,kg:brand/cream-silk,,,,,
kg:brand/cream-silk,COMPETES_WITH,kg:brand/sunsilk,,,,,
kg:brand/sunsilk,COMPETES_WITH,kg:brand/irish-spring,,,,,
kg:brand/irish-spring,COMPETES_WITH,kg:brand/sunsilk,,,,,
kg:brand/sunsilk,COMPETES_WITH,kg:brand/clear,,,,,
kg:brand/clear,COMPETES_WITH,kg:brand/sunsilk,,,,,
kg:brand/sunsilk,COMPETES_WITH,kg:brand/dove,,,,,
kg:brand/dove,COMPETES_WITH,kg:brand/sunsilk,,,,,
kg:brand/sunsilk,COMPETES_WITH,kg:brand/safeguard,,,,,
kg:brand/safeguard,COMPETES_WITH,kg:brand/sunsilk,,,,,
kg:brand/sunsilk,COMPETES_WITH,kg:brand/palmolive,,,,,
kg:brand/palmolive,COMPETES_WITH,kg:brand/sunsilk,,,,,
kg:brand/sunsilk,COMPETES_WITH,kg:brand/close-up,,,,,
kg:brand/close-up,COMPETES_WITH,kg:brand/sunsilk,,,,,
kg:brand/sunsilk,COMPETES_WITH,kg:brand/lux,,,,,
kg:brand/lux,COMPETES_WITH,kg:brand/sunsilk,,,,,
kg:brand/sunsilk,COMPETES_WITH,kg:brand/pantene,,,,,
kg:brand/pantene,COMPETES_WITH,kg:brand/sunsilk,,,,,
kg:brand/bioderm,COMPETES_WITH,kg:brand/colgate,,,,,
kg:brand/colgate,COMPETES_WITH,kg:brand/bioderm,,,,,
kg:brand/bioderm,COMPETES_WITH,kg:brand/head-and-shoulders,,,,,
kg:brand/head-and-shoulders,COMPETES_WITH,kg:brand/bioderm,,,,,
kg:brand/bioderm,COMPETES_WITH,kg:brand/cream-silk,,,,,
kg:brand/cream-silk,COMPETES_WITH,kg:brand/bioderm,,,,,
kg:brand/bioderm,COMPETES_WITH,kg:brand/irish-spring,,,,,
kg:brand/irish-spring,COMPETES_WITH,kg:brand/bioderm,,,,,
kg:brand/bioderm,COMPETES_WITH,kg:brand/clear,,,,,
kg:brand/clear,COMPETES_WITH,kg:brand/bioderm,,,,,
kg:brand/bioderm,COMPETES_WITH,kg:brand/dove,,,,,
kg:brand/dove,COMPETES_WITH,kg:brand/bioderm,,,,,
kg:brand/bioderm,COMPETES_WITH,kg:brand/safeguard,,,,,
kg:brand/safeguard,COMPETES_WITH,kg:brand/bioderm,,,,,
kg:brand/bioderm,COMPETES_WITH,kg:brand/palmolive,,,,,
kg:brand/palmolive,COMPETES_WITH,kg:brand/bioderm,,,,,
kg:brand/bioderm,COMPETES_WITH,kg:brand/close-up,,,,,
kg:brand/close-up,COMPETES_WITH,kg:brand/bioderm,,,,,
kg:brand/bioderm,COMPETES_WITH,kg:brand/lux,,,,,
kg:brand/lux,COMPETES_WITH,kg:brand/bioderm,,,,,
kg:brand/bioderm,COMPETES_WITH,kg:brand/pantene,,,,,
kg:brand/pantene,COMPETES_WITH,kg:brand/bioderm,,,,,
kg:brand/colgate,COMPETES_WITH,kg:brand/head-and-shoulders,,,,,
kg:brand/head-and-shoulders,COMPETES_WITH,kg:brand/colgate,,,,,
kg:brand/colgate,COMPETES_WITH,kg:brand/cream-silk,,,,,
kg:brand/cream-silk,COMPETES_WITH,kg:brand/colgate,,,,,
kg:brand/colgate,COMPETES_WITH,kg:brand/irish-spring,,,,,
kg:brand/irish-spring,COMPETES_WITH,kg:brand/colgate,,,,,
kg:brand/colgate,COMPETES_WITH,kg:brand/clear,,,,,
kg:brand/clear,COMPETES_WITH,kg:brand/colgate,,,,,
kg:brand/colgate,COMPETES_WITH,kg:brand/dove,,,,,
kg:brand/dove,COMPETES_WITH,kg:brand/colgate,,,,,
kg:brand/colgate,COMPETES_WITH,kg:brand/safeguard,,,,,
kg:brand/safeguard,COMPETES_WITH,kg:brand/colgate,,,,,
kg:brand/colgate,COMPETES_WITH,kg:brand/palmolive,,,,,
kg:brand/palmolive,COMPETES_WITH,kg:brand/colgate,,,,,
kg:brand/colgate,COMPETES_WITH,kg:brand/close-up,,,,,
kg:brand/close-up,COMPETES_WITH,kg:brand/colgate,,,,,
kg:brand/colgate,COMPETES_WITH,kg:brand/lux,,,,,
kg:brand/lux,COMPETES_WITH,kg:brand/colgate,,,,,
kg:brand/colgate,COMPETES_WITH,kg:brand/pantene,,,,,
kg:brand/pantene,COMPETES_WITH,kg:brand/colgate,,,,,
kg:brand/head-and-shoulders,COMPETES_WITH,kg:brand/cream-silk,,,,,
kg:brand/cream-silk,COMPETES_WITH,kg:brand/head-and-shoulders,,,,,
kg:brand/head-and-shoulders,COMPETES_WITH,kg:brand/irish-spring,,,,,
kg:brand/irish-spring,COMPETES_WITH,kg:brand/head-and-shoulders,,,,,
kg:brand/head-and-shoulders,COMPETES_WITH,kg:brand/clear,,,,,
kg:brand/clear,COMPETES_WITH,kg:brand/head-and-shoulders,,,,,
kg:brand/head-and-shoulders,COMPETES_WITH,kg:brand/dove,,,,,
kg:brand/dove,COMPETES_WITH,kg:brand/head-and-shoulders,,,,,
kg:brand/head-and-shoulders,COMPETES_WITH,kg:brand/safeguard,,,,,
kg:brand/safeguard,COMPETES_WITH,kg:brand/head-and-shoulders,,,,,
kg:brand/head-and-shoulders,COMPETES_WITH,kg:brand/palmolive,,,,,
kg:brand/palmolive,COMPETES_WITH,kg:brand/head-and-shoulders,,,,,
kg:brand/head-and-shoulders,COMPETES_WITH,kg:brand/close-up,,,,,
kg:brand/close-up,COMPETES_WITH,kg:brand/head-and-shoulders,,,,,
kg:brand/head-and-shoulders,COMPETES_WITH,kg:brand/lux,,,,,
kg:brand/lux,COMPETES_WITH,kg:brand/head-and-shoulders,,,,,
kg:brand/head-and-shoulders,COMPETES_WITH,kg:brand/pantene,,,,,
kg:brand/pantene,COMPETES_WITH,kg:brand/head-and-shoulders,,,,,
kg:brand/cream-silk,COMPETES_WITH,kg:brand/irish-spring,,,,,
kg:brand/irish-spring,COMPETES_WITH,kg:brand/cream-silk,,,,,
kg:brand/cream-silk,COMPETES_WITH,kg:brand/clear,,,,,
kg:brand/clear,COMPETES_WITH,kg:brand/cream-silk,,,,,
kg:brand/cream-silk,COMPETES_WITH,kg:brand/dove,,,,,
kg:brand/dove,COMPETES_WITH,kg:brand/cream-silk,,,,,
kg:brand/cream-silk,COMPETES_WITH,kg:brand/safeguard,,,,,
kg:brand/safeguard,COMPETES_WITH,kg:brand/cream-silk,,,,,
kg:brand/cream-silk,COMPETES_WITH,kg:brand/palmolive,,,,,
kg:brand/palmolive,COMPETES_WITH,kg:brand/cream-silk,,,,,
kg:brand/cream-silk,COMPETES_WITH,kg:brand/close-up,,,,,
kg:brand/close-up,COMPETES_WITH,kg:brand/cream-silk,,,,,
kg:brand/cream-silk,COMPETES_WITH,kg:brand/lux,,,,,
kg:brand/lux,COMPETES_WITH,kg:brand/cream-silk,,,,,
kg:brand/cream-silk,COMPETES_WITH,kg:brand/pantene,,,,,
kg:brand/pantene,COMPETES_WITH,kg:brand/cream-silk,,,,,
kg:brand/irish-spring,COMPETES_WITH,kg:brand/clear,,,,,
kg:brand/clear,COMPETES_WITH,kg:brand/irish-spring,,,,,
kg:brand/irish-spring,COMPETES_WITH,kg:brand/dove,,,,,
kg:brand/dove,COMPETES_WITH,kg:brand/irish-spring,,,,,
kg:brand/irish-spring,COMPETES_WITH,kg:brand/safeguard,,,,,
kg:brand/safeguard,COMPETES_WITH,kg:brand/irish-spring,,,,,
kg:brand/irish-spring,COMPETES_WITH,kg:brand/palmolive,,,,,
kg:brand/palmolive,COMPETES_WITH,kg:brand/irish-spring,,,,,
kg:brand/irish-spring,COMPETES_WITH,kg:brand/close-up,,,,,
kg:brand/close-up,COMPETES_WITH,kg:brand/irish-spring,,,,,
kg:brand/irish-spring,COMPETES_WITH,kg:brand/lux,,,,,
kg:brand/lux,COMPETES_WITH,kg:brand/irish-spring,,,,,
kg:brand/irish-spring,COMPETES_WITH,kg:brand/pantene,,,,,
kg:brand/pantene,COMPETES_WITH,kg:brand/irish-spring,,,,,
kg:brand/clear,COMPETES_WITH,kg:brand/dove,,,,,
kg:brand/dove,COMPETES_WITH,kg:brand/clear,,,,,
kg:brand/clear,COMPETES_WITH,kg:brand/safeguard,,,,,
kg:brand/safeguard,COMPETES_WITH,kg:brand/clear,,,,,
kg:brand/clear,COMPETES_WITH,kg:brand/palmolive,,,,,
kg:brand/palmolive,COMPETES_WITH,kg:brand/clear,,,,,
kg:brand/clear,COMPETES_WITH,kg:brand/close-up,,,,,
kg:brand/close-up,COMPETES_WITH,kg:brand/clear,,,,,
kg:brand/clear,COMPETES_WITH,kg:brand/lux,,,,,
kg:brand/lux,COMPETES_WITH,kg:brand/clear,,,,,
kg:brand/clear,COMPETES_WITH,kg:brand/pantene,,,,,
kg:brand/pantene,COMPETES_WITH,kg:brand/clear,,,,,
kg:brand/dove,COMPETES_WITH,kg:brand/safeguard,,,,,
kg:brand/safeguard,COMPETES_WITH,kg:brand/dove,,,,,
kg:brand/dove,COMPETES_WITH,kg:brand/palmolive,,,,,
kg:brand/palmolive,COMPETES_WITH,kg:brand/dove,,,,,
kg:brand/dove,COMPETES_WITH,kg:brand/close-up,,,,,
kg:brand/close-up,COMPETES_WITH,kg:brand/dove,,,,,
kg:brand/dove,COMPETES_WITH,kg:brand/lux,,,,,
kg:brand/lux,COMPETES_WITH,kg:brand/dove,,,,,
kg:brand/dove,COMPETES_WITH,kg:brand/pantene,,,,,
kg:brand/pantene,COMPETES_WITH,kg:brand/dove,,,,,
kg:brand/safeguard,COMPETES_WITH,kg:brand/palmolive,,,,,
kg:brand/palmolive,COMPETES_WITH,kg:brand/safeguard,,,,,
kg:brand/safeguard,COMPETES_WITH,kg:brand/close-up,,,,,
kg:brand/close-up,COMPETES_WITH,kg:brand/safeguard,,,,,
kg:brand/safeguard,COMPETES_WITH,kg:brand/lux,,,,,
kg:brand/lux,COMPETES_WITH,kg:brand/safeguard,,,,,
kg:brand/safeguard,COMPETES_WITH,kg:brand/pantene,,,,,
kg:brand/pantene,COMPETES_WITH,kg:brand/safeguard,,,,,
kg:brand/palmolive,COMPETES_WITH,kg:brand/close-up,,,,,
kg:brand/close-up,COMPETES_WITH,kg:brand/palmolive,,,,,
kg:brand/palmolive,COMPETES_WITH,kg:brand/lux,,,,,
kg:brand/lux,COMPETES_WITH,kg:brand/palmolive,,,,,
kg:brand/palmolive,COMPETES_WITH,kg:brand/pantene,,,,,
kg:brand/pantene,COMPETES_WITH,kg:brand/palmolive,,,,,
kg:brand/close-up,COMPETES_WITH,kg:brand/lux,,,,,
kg:brand/lux,COMPETES_WITH,kg:brand/close-up,,,,,
kg:brand/close-up,COMPETES_WITH,kg:brand/pantene,,,,,
kg:brand/pantene,COMPETES_WITH,kg:brand/close-up,,,,,
kg:brand/lux,COMPETES_WITH,kg:brand/pantene,,,,,
kg:brand/pantene,COMPETES_WITH,kg:brand/lux,,,,,
kg:brand/ligo,COMPETES_WITH,kg:brand/del-monte,,,,,
kg:brand/del-monte,COMPETES_WITH,kg:brand/ligo,,,,,
kg:brand/ligo,COMPETES_WITH,kg:brand/purefoods,,,,,
kg:brand/purefoods,COMPETES_WITH,kg:brand/ligo,,,,,
kg:brand/ligo,COMPETES_WITH,kg:brand/argentina,,,,,
kg:brand/argentina,COMPETES_WITH,kg:brand/ligo,,,,,
kg:brand/ligo,COMPETES_WITH,kg:brand/555,,,,,
kg:brand/555,COMPETES_WITH,kg:brand/ligo,,,,,
kg:brand/ligo,COMPETES_WITH,kg:brand/cdo,,,,,
kg:brand/cdo,COMPETES_WITH,kg:brand/ligo,,,,,
kg:brand/ligo,COMPETES_WITH,kg:brand/mega,,,,,
kg:brand/mega,COMPETES_WITH,kg:brand/ligo,,,,,
kg:brand/ligo,COMPETES_WITH,kg:brand/century-tuna,,,,,
kg:brand/century-tuna,COMPETES_WITH,kg:brand/ligo,,,,,
kg:brand/del-monte,COMPETES_WITH,kg:brand/purefoods,,,,,
kg:brand/purefoods,COMPETES_WITH,kg:brand/del-monte,,,,,
kg:brand/del-monte,COMPETES_WITH,kg:brand/argentina,,,,,
kg:brand/argentina,COMPETES_WITH,kg:brand/del-monte,,,,,
kg:brand/del-monte,COMPETES_WITH,kg:brand/555,,,,,
kg:brand/555,COMPETES_WITH,kg:brand/del-monte,,,,,
kg:brand/del-monte,COMPETES_WITH,kg:brand/cdo,,,,,
kg:brand/cdo,COMPETES_WITH,kg:brand/del-monte,,,,,
kg:brand/del-monte,COMPETES_WITH,kg:brand/mega,,,,,
kg:brand/mega,COMPETES_WITH,kg:brand/del-monte,,,,,
kg:brand/del-monte,COMPETES_WITH,kg:brand/century-tuna,,,,,
kg:brand/century-tuna,COMPETES_WITH,kg:brand/del-monte,,,,,
kg:brand/purefoods,COMPETES_WITH,kg:brand/argentina,,,,,
kg:brand/argentina,COMPETES_WITH,kg:brand/purefoods,,,,,
kg:brand/purefoods,COMPETES_WITH,kg:brand/555,,,,,
kg:brand/555,COMPETES_WITH,kg:brand/purefoods,,,,,
kg:brand/purefoods,COMPETES_WITH,kg:brand/cdo,,,,,
kg:brand/cdo,COMPETES_WITH,kg:brand/purefoods,,,,,
kg:brand/purefoods,COMPETES_WITH,kg:brand/mega,,,,,
kg:brand/mega,COMPETES_WITH,kg:brand/purefoods,,,,,
kg:brand/purefoods,COMPETES_WITH,kg:brand/century-tuna,,,,,
kg:brand/century-tuna,COMPETES_WITH,kg:brand/purefoods,,,,,
kg:brand/argentina,COMPETES_WITH,kg:brand/555,,,,,
kg:brand/555,COMPETES_WITH,kg:brand/argentina,,,,,
kg:brand/argentina,COMPETES_WITH,kg:brand/cdo,,,,,
kg:brand/cdo,COMPETES_WITH,kg:brand/argentina,,,,,
kg:brand/argentina,COMPETES_WITH,kg:brand/mega,,,,,
kg:brand/mega,COMPETES_WITH,kg:brand/argentina,,,,,
kg:brand/argentina,COMPETES_WITH,kg:brand/century-tuna,,,,,
kg:brand/century-tuna,COMPETES_WITH,kg:brand/argentina,,,,,
kg:brand/555,COMPETES_WITH,kg:brand/cdo,,,,,
kg:brand/cdo,COMPETES_WITH,kg:brand/555,,,,,
kg:brand/555,COMPETES_WITH,kg:brand/mega,,,,,
kg:brand/mega,COMPETES_WITH,kg:brand/555,,,,,
kg:brand/555,COMPETES_WITH,kg:brand/century-tuna,,,,,
kg:brand/century-tuna,COMPETES_WITH,kg:brand/555,,,,,
kg:brand/cdo,COMPETES_WITH,kg:brand/mega,,,,,
kg:brand/mega,COMPETES_WITH,kg:brand/cdo,,,,,
kg:brand/cdo,COMPETES_WITH,kg:brand/century-tuna,,,,,
kg:brand/century-tuna,COMPETES_WITH,kg:brand/cdo,,,,,
kg:brand/mega,COMPETES_WITH,kg:brand/century-tuna,,,,,
kg:brand/century-tuna,COMPETES_WITH,kg:brand/mega,,,,,
kg:brand/monde-nissin,COMPETES_WITH,kg:brand/oishi,,,,,
kg:brand/oishi,COMPETES_WITH,kg:brand/monde-nissin,,,,,
kg:brand/monde-nissin,COMPETES_WITH,kg:brand/piattos,,,,,
kg:brand/piattos,COMPETES_WITH,kg:brand/monde-nissin,,,,,
kg:brand/monde-nissin,COMPETES_WITH,kg:brand/magic-flakes,,,,,
kg:brand/magic-flakes,COMPETES_WITH,kg:brand/monde-nissin,,,,,
kg:brand/oishi,COMPETES_WITH,kg:brand/piattos,,,,,
kg:brand/piattos,COMPETES_WITH,kg:brand/oishi,,,,,
kg:brand/oishi,COMPETES_WITH,kg:brand/magic-flakes,,,,,
kg:brand/magic-flakes,COMPETES_WITH,kg:brand/oishi,,,,,
kg:brand/piattos,COMPETES_WITH,kg:brand/magic-flakes,,,,,
kg:brand/magic-flakes,COMPETES_WITH,kg:brand/piattos,,,,,
kg:brand/spam,COMPETES_WITH,kg:brand/swift,,,,,
kg:brand/swift,COMPETES_WITH,kg:brand/spam,,,,,
kg:brand/spam,COMPETES_WITH,kg:brand/libbys,,,,,
kg:brand/libbys,COMPETES_WITH,kg:brand/spam,,,,,
kg:brand/spam,COMPETES_WITH,kg:brand/ma-ling,,,,,
kg:brand/ma-ling,COMPETES_WITH,kg:brand/spam,,,,,
kg:brand/spam,COMPETES_WITH,kg:brand/tender-juicy,,,,,
kg:brand/tender-juicy,COMPETES_WITH,kg:brand/spam,,,,,
kg:brand/swift,COMPETES_WITH,kg:brand/libbys,,,,,
kg:brand/libbys,COMPETES_WITH,kg:brand/swift,,,,,
kg:brand/swift,COMPETES_WITH,kg:brand/ma-ling,,,,,
kg:brand/ma-ling,COMPETES_WITH,kg:brand/swift,,,,,
kg:brand/swift,COMPETES_WITH,kg:brand/tender-juicy,,,,,
kg:brand/tender-juicy,COMPETES_WITH,kg:brand/swift,,,,,
kg:brand/libbys,COMPETES_WITH,kg:brand/ma-ling,,,,,
kg:brand/ma-ling,COMPETES_WITH,kg:brand/libbys,,,,,
kg:brand/libbys,COMPETES_WITH,kg:brand/tender-juicy,,,,,
kg:brand/tender-juicy,COMPETES_WITH,kg:brand/libbys,,,,,
kg:brand/ma-ling,COMPETES_WITH,kg:brand/tender-juicy,,,,,
kg:brand/tender-juicy,COMPETES_WITH,kg:brand/ma-ling,,,,,
kg:brand/presto,COMPETES_WITH,kg:brand/skyflakes,,,,,
kg:brand/skyflakes,COMPETES_WITH,kg:brand/presto,,,,,
kg:brand/presto,COMPETES_WITH,kg:brand/flat-tops,,,,,
kg:brand/flat-tops,COMPETES_WITH,kg:brand/presto,,,,,
kg:brand/presto,COMPETES_WITH,kg:brand/magic,,,,,
kg:brand/magic,COMPETES_WITH,kg:brand/presto,,,,,
kg:brand/presto,COMPETES_WITH,kg:brand/monde,,,,,
kg:brand/monde,COMPETES_WITH,kg:brand/presto,,,,,
kg:brand/presto,COMPETES_WITH,kg:brand/jimms,,,,,
kg:brand/jimms,COMPETES_WITH,kg:brand/presto,,,,,
kg:brand/presto,COMPETES_WITH,kg:brand/cloud-9,,,,,
kg:brand/cloud-9,COMPETES_WITH,kg:brand/presto,,,,,
kg:brand/presto,COMPETES_WITH,kg:brand/ricoa,,,,,
kg:brand/ricoa,COMPETES_WITH,kg:brand/presto,,,,,
kg:brand/presto,COMPETES_WITH,kg:brand/rebisco,,,,,
kg:brand/rebisco,COMPETES_WITH,kg:brand/presto,,,,,
kg:brand/presto,COMPETES_WITH,kg:brand/chippy,,,,,
kg:brand/chippy,COMPETES_WITH,kg:brand/presto,,,,,
kg:brand/presto,COMPETES_WITH,kg:brand/fita,,,,,
kg:brand/fita,COMPETES_WITH,kg:brand/presto,,,,,
kg:brand/presto,COMPETES_WITH,kg:brand/voice,,,,,
kg:brand/voice,COMPETES_WITH,kg:brand/presto,,,,,
kg:brand/presto,COMPETES_WITH,kg:brand/hello,,,,,
kg:brand/hello,COMPETES_WITH,kg:brand/presto,,,,,
kg:brand/presto,COMPETES_WITH,kg:brand/hansel,,,,,
kg:brand/hansel,COMPETES_WITH,kg:brand/presto,,,,,
kg:brand/presto,COMPETES_WITH,kg:brand/bingo,,,,,
kg:brand/bingo,COMPETES_WITH,kg:brand/presto,,,,,
kg:brand/presto,COMPETES_WITH,kg:brand/roller-coaster,,,,,
kg:brand/roller-coaster,COMPETES_WITH,kg:brand/presto,,,,,
kg:brand/skyflakes,COMPETES_WITH,kg:brand/flat-tops,,,,,
kg:brand/flat-tops,COMPETES_WITH,kg:brand/skyflakes,,,,,
kg:brand/skyflakes,COMPETES_WITH,kg:brand/magic,,,,,
kg:brand/magic,COMPETES_WITH,kg:brand/skyflakes,,,,,
kg:brand/skyflakes,COMPETES_WITH,kg:brand/monde,,,,,
kg:brand/monde,COMPETES_WITH,kg:brand/skyflakes,,,,,
kg:brand/skyflakes,COMPETES_WITH,kg:brand/jimms,,,,,
kg:brand/jimms,COMPETES_WITH,kg:brand/skyflakes,,,,,
kg:brand/skyflakes,COMPETES_WITH,kg:brand/cloud-9,,,,,
kg:brand/cloud-9,COMPETES_WITH,kg:brand/skyflakes,,,,,
kg:brand/skyflakes,COMPETES_WITH,kg:brand/ricoa,,,,,
kg:brand/ricoa,COMPETES_WITH,kg:brand/skyflakes,,,,,
kg:brand/skyflakes,COMPETES_WITH,kg:brand/rebisco,,,,,
kg:brand/rebisco,COMPETES_WITH,kg:brand/skyflakes,,,,,
kg:brand/skyflakes,COMPETES_WITH,kg:brand/chippy,,,,,
kg:brand/chippy,COMPETES_WITH,kg:brand/skyflakes,,,,,
kg:brand/skyflakes,COMPETES_WITH,kg:brand/fita,,,,,
kg:brand/fita,COMPETES_WITH,kg:brand/skyflakes,,,,,
kg:brand/skyflakes,COMPETES_WITH,kg:brand/voice,,,,,
kg:brand/voice,COMPETES_WITH,kg:brand/skyflakes,,,,,
kg:brand/skyflakes,COMPETES_WITH,kg:brand/hello,,,,,
kg:brand/hello,COMPETES_WITH,kg:brand/skyflakes,,,,,
kg:brand/skyflakes,COMPETES_WITH,kg:brand/hansel,,,,,
kg:brand/hansel,COMPETES_WITH,kg:brand/skyflakes,,,,,
kg:brand/skyflakes,COMPETES_WITH,kg:brand/bingo,,,,,
kg:brand/bingo,COMPETES_WITH,kg:brand/skyflakes,,,,,
kg:brand/skyflakes,COMPETES_WITH,kg:brand/roller-coaster,,,,,
kg:brand/roller-coaster,COMPETES_WITH,kg:brand/skyflakes,,,,,
kg:brand/flat-tops,COMPETES_WITH,kg:brand/magic,,,,,
kg:brand/magic,COMPETES_WITH,kg:brand/flat-tops,,,,,
kg:brand/flat-tops,COMPETES_WITH,kg:brand/monde,,,,,
kg:brand/monde,COMPETES_WITH,kg:brand/flat-tops,,,,,
kg:brand/flat-tops,COMPETES_WITH,kg:brand/jimms,,,,,
kg:brand/jimms,COMPETES_WITH,kg:brand/flat-tops,,,,,
kg:brand/flat-tops,COMPETES_WITH,kg:brand/cloud-9,,,,,
kg:brand/cloud-9,COMPETES_WITH,kg:brand/flat-tops,,,,,
kg:brand/flat-tops,COMPETES_WITH,kg:brand/ricoa,,,,,
kg:brand/ricoa,COMPETES_WITH,kg:brand/flat-tops,,,,,
kg:brand/flat-tops,COMPETES_WITH,kg:brand/rebisco,,,,,
kg:brand/rebisco,COMPETES_WITH,kg:brand/flat-tops,,,,,
kg:brand/flat-tops,COMPETES_WITH,kg:brand/chippy,,,,,
kg:brand/chippy,COMPETES_WITH,kg:brand/flat-tops,,,,,
kg:brand/flat-tops,COMPETES_WITH,kg:brand/fita,,,,,
kg:brand/fita,COMPETES_WITH,kg:brand/flat-tops,,,,,
kg:brand/flat-tops,COMPETES_WITH,kg:brand/voice,,,,,
kg:brand/voice,COMPETES_WITH,kg:brand/flat-tops,,,,,
kg:brand/flat-tops,COMPETES_WITH,kg:brand/hello,,,,,
kg:brand/hello,COMPETES_WITH,kg:brand/flat-tops,,,,,
kg:brand/flat-tops,COMPETES_WITH,kg:brand/hansel,,,,,
kg:brand/hansel,COMPETES_WITH,kg:brand/flat-tops,,,,,
kg:brand/flat-tops,COMPETES_WITH,kg:brand/bingo,,,,,
kg:brand/bingo,COMPETES_WITH,kg:brand/flat-tops,,,,,
kg:brand/flat-tops,COMPETES_WITH,kg:brand/roller-coaster,,,,,
kg:brand/roller-coaster,COMPETES_WITH,kg:brand/flat-tops,,,,,
kg:brand/magic,COMPETES_WITH,kg:brand/monde,,,,,
kg:brand/monde,COMPETES_WITH,kg:brand/magic,,,,,
kg:brand/magic,COMPETES_WITH,kg:brand/jimms,,,,,
kg:brand/jimms,COMPETES_WITH,kg:brand/magic,,,,,
kg:brand/magic,COMPETES_WITH,kg:brand/cloud-9,,,,,
kg:brand/cloud-9,COMPETES_WITH,kg:brand/magic,,,,,
kg:brand/magic,COMPETES_WITH,kg:brand/ricoa,,,,,
kg:brand/ricoa,COMPETES_WITH,kg:brand/magic,,,,,
kg:brand/magic,COMPETES_WITH,kg:brand/rebisco,,,,,
kg:brand/rebisco,COMPETES_WITH,kg:brand/magic,,,,,
kg:brand/magic,COMPETES_WITH,kg:brand/chippy,,,,,
kg:brand/chippy,COMPETES_WITH,kg:brand/magic,,,,,
kg:brand/magic,COMPETES_WITH,kg:brand/fita,,,,,
kg:brand/fita,COMPETES_WITH,kg:brand/magic,,,,,
kg:brand/magic,COMPETES_WITH,kg:brand/voice,,,,,
kg:brand/voice,COMPETES_WITH,kg:brand/magic,,,,,
kg:brand/magic,COMPETES_WITH,kg:brand/hello,,,,,
kg:brand/hello,COMPETES_WITH,kg:brand/magic,,,,,
kg:brand/magic,COMPETES_WITH,kg:brand/hansel,,,,,
kg:brand/hansel,COMPETES_WITH,kg:brand/magic,,,,,
kg:brand/magic,COMPETES_WITH,kg:brand/bingo,,,,,
kg:brand/bingo,COMPETES_WITH,kg:brand/magic,,,,,
kg:brand/magic,COMPETES_WITH,kg:brand/roller-coaster,,,,,
kg:brand/roller-coaster,COMPETES_WITH,kg:brand/magic,,,,,
kg:brand/monde,COMPETES_WITH,kg:brand/jimms,,,,,
kg:brand/jimms,COMPETES_WITH,kg:brand/monde,,,,,
kg:brand/monde,COMPETES_WITH,kg:brand/cloud-9,,,,,
kg:brand/cloud-9,COMPETES_WITH,kg:brand/monde,,,,,
kg:brand/monde,COMPETES_WITH,kg:brand/ricoa,,,,,
kg:brand/ricoa,COMPETES_WITH,kg:brand/monde,,,,,
kg:brand/monde,COMPETES_WITH,kg:brand/rebisco,,,,,
kg:brand/rebisco,COMPETES_WITH,kg:brand/monde,,,,,
kg:brand/monde,COMPETES_WITH,kg:brand/chippy,,,,,
kg:brand/chippy,COMPETES_WITH,kg:brand/monde,,,,,
kg:brand/monde,COMPETES_WITH,kg:brand/fita,,,,,
kg:brand/fita,COMPETES_WITH,kg:brand/monde,,,,,
kg:brand/monde,COMPETES_WITH,kg:brand/voice,,,,,
kg:brand/voice,COMPETES_WITH,kg:brand/monde,,,,,
kg:brand/monde,COMPETES_WITH,kg:brand/hello,,,,,
kg:brand/hello,COMPETES_WITH,kg:brand/monde,,,,,
kg:brand/monde,COMPETES_WITH,kg:brand/hansel,,,,,
kg:brand/hansel,COMPETES_WITH,kg:brand/monde,,,,,
kg:brand/monde,COMPETES_WITH,kg:brand/bingo,,,,,
kg:brand/bingo,COMPETES_WITH,kg:brand/monde,,,,,
kg:brand/monde,COMPETES_WITH,kg:brand/roller-coaster,,,,,
kg:brand/roller-coaster,COMPETES_WITH,kg:brand/monde,,,,,
kg:brand/jimms,COMPETES_WITH,kg:brand/cloud-9,,,,,
kg:brand/cloud-9,COMPETES_WITH,kg:brand/jimms,,,,,
kg:brand/jimms,COMPETES_WITH,kg:brand/ricoa,,,,,
kg:brand/ricoa,COMPETES_WITH,kg:brand/jimms,,,,,
kg:brand/jimms,COMPETES_WITH,kg:brand/rebisco,,,,,
kg:brand/rebisco,COMPETES_WITH,kg:brand/jimms,,,,,
kg:brand/jimms,COMPETES_WITH,kg:brand/chippy,,,,,
kg:brand/chippy,COMPETES_WITH,kg:brand/jimms,,,,,
kg:brand/jimms,COMPETES_WITH,kg:brand/fita,,,,,
kg:brand/fita,COMPETES_WITH,kg:brand/jimms,,,,,
kg:brand/jimms,COMPETES_WITH,kg:brand/voice,,,,,
kg:brand/voice,COMPETES_WITH,kg:brand/jimms,,,,,
kg:brand/jimms,COMPETES_WITH,kg:brand/hello,,,,,
kg:brand/hello,COMPETES_WITH,kg:brand/jimms,,,,,
kg:brand/jimms,COMPETES_WITH,kg:brand/hansel,,,,,
kg:brand/hansel,COMPETES_WITH,kg:brand/jimms,,,,,
kg:brand/jimms,COMPETES_WITH,kg:brand/bingo,,,,,
kg:brand/bingo,COMPETES_WITH,kg:brand/jimms,,,,,
kg:brand/jimms,COMPETES_WITH,kg:brand/roller-coaster,,,,,
kg:brand/roller-coaster,COMPETES_WITH,kg:brand/jimms,,,,,
kg:brand/cloud-9,COMPETES_WITH,kg:brand/ricoa,,,,,
kg:brand/ricoa,COMPETES_WITH,kg:brand/cloud-9,,,,,
kg:brand/cloud-9,COMPETES_WITH,kg:brand/rebisco,,,,,
kg:brand/rebisco,COMPETES_WITH,kg:brand/cloud-9,,,,,
kg:brand/cloud-9,COMPETES_WITH,kg:brand/chippy,,,,,
kg:brand/chippy,COMPETES_WITH,kg:brand/cloud-9,,,,,
kg:brand/cloud-9,COMPETES_WITH,kg:brand/fita,,,,,
kg:brand/fita,COMPETES_WITH,kg:brand/cloud-9,,,,,
kg:brand/cloud-9,COMPETES_WITH,kg:brand/voice,,,,,
kg:brand/voice,COMPETES_WITH,kg:brand/cloud-9,,,,,
kg:brand/cloud-9,COMPETES_WITH,kg:brand/hello,,,,,
kg:brand/hello,COMPETES_WITH,kg:brand/cloud-9,,,,,
kg:brand/cloud-9,COMPETES_WITH,kg:brand/hansel,,,,,
kg:brand/hansel,COMPETES_WITH,kg:brand/cloud-9,,,,,
kg:brand/cloud-9,COMPETES_WITH,kg:brand/bingo,,,,,
kg:brand/bingo,COMPETES_WITH,kg:brand/cloud-9,,,,,
kg:brand/cloud-9,COMPETES_WITH,kg:brand/roller-coaster,,,,,
kg:brand/roller-coaster,COMPETES_WITH,kg:brand/cloud-9,,,,,
kg:brand/ricoa,COMPETES_WITH,kg:brand/rebisco,,,,,
kg:brand/rebisco,COMPETES_WITH,kg:brand/ricoa,,,,,
kg:brand/ricoa,COMPETES_WITH,kg:brand/chippy,,,,,
kg:brand/chippy,COMPETES_WITH,kg:brand/ricoa,,,,,
kg:brand/ricoa,COMPETES_WITH,kg:brand/fita,,,,,
kg:brand/fita,COMPETES_WITH,kg:brand/ricoa,,,,,
kg:brand/ricoa,COMPETES_WITH,kg:brand/voice,,,,,
kg:brand/voice,COMPETES_WITH,kg:brand/ricoa,,,,,
kg:brand/ricoa,COMPETES_WITH,kg:brand/hello,,,,,
kg:brand/hello,COMPETES_WITH,kg:brand/ricoa,,,,,
kg:brand/ricoa,COMPETES_WITH,kg:brand/hansel,,,,,
kg:brand/hansel,COMPETES_WITH,kg:brand/ricoa,,,,,
kg:brand/ricoa,COMPETES_WITH,kg:brand/bingo,,,,,
kg:brand/bingo,COMPETES_WITH,kg:brand/ricoa,,,,,
kg:brand/ricoa,COMPETES_WITH,kg:brand/roller-coaster,,,,,
kg:brand/roller-coaster,COMPETES_WITH,kg:brand/ricoa,,,,,
kg:brand/rebisco,COMPETES_WITH,kg:brand/chippy,,,,,
kg:brand/chippy,COMPETES_WITH,kg:brand/rebisco,,,,,
kg:brand/rebisco,COMPETES_WITH,kg:brand/fita,,,,,
kg:brand/fita,COMPETES_WITH,kg:brand/rebisco,,,,,
kg:brand/rebisco,COMPETES_WITH,kg:brand/voice,,,,,
kg:brand/voice,COMPETES_WITH,kg:brand/rebisco,,,,,
kg:brand/rebisco,COMPETES_WITH,kg:brand/hello,,,,,
kg:brand/hello,COMPETES_WITH,kg:brand/rebisco,,,,,
kg:brand/rebisco,COMPETES_WITH,kg:brand/hansel,,,,,
kg:brand/hansel,COMPETES_WITH,kg:brand/rebisco,,,,,
kg:brand/rebisco,COMPETES_WITH,kg:brand/bingo,,,,,
kg:brand/bingo,COMPETES_WITH,kg:brand/rebisco,,,,,
kg:brand/rebisco,COMPETES_WITH,kg:brand/roller-coaster,,,,,
kg:brand/roller-coaster,COMPETES_WITH,kg:brand/rebisco,,,,,
kg:brand/chippy,COMPETES_WITH,kg:brand/fita,,,,,
kg:brand/fita,COMPETES_WITH,kg:brand/chippy,,,,,
kg:brand/chippy,COMPETES_WITH,kg:brand/voice,,,,,
kg:brand/voice,COMPETES_WITH,kg:brand/chippy,,,,,
kg:brand/chippy,COMPETES_WITH,kg:brand/hello,,,,,
kg:brand/hello,COMPETES_WITH,kg:brand/chippy,,,,,
kg:brand/chippy,COMPETES_WITH,kg:brand/hansel,,,,,
kg:brand/hansel,COMPETES_WITH,kg:brand/chippy,,,,,
kg:brand/chippy,COMPETES_WITH,kg:brand/bingo,,,,,
kg:brand/bingo,COMPETES_WITH,kg:brand/chippy,,,,,
kg:brand/chippy,COMPETES_WITH,kg:brand/roller-coaster,,,,,
kg:brand/roller-coaster,COMPETES_WITH,kg:brand/chippy,,,,,
kg:brand/fita,COMPETES_WITH,kg:brand/voice,,,,,
kg:brand/voice,COMPETES_WITH,kg:brand/fita,,,,,
kg:brand/fita,COMPETES_WITH,kg:brand/hello,,,,,
kg:brand/hello,COMPETES_WITH,kg:brand/fita,,,,,
kg:brand/fita,COMPETES_WITH,kg:brand/hansel,,,,,
kg:brand/hansel,COMPETES_WITH,kg:brand/fita,,,,,
kg:brand/fita,COMPETES_WITH,kg:brand/bingo,,,,,
kg:brand/bingo,COMPETES_WITH,kg:brand/fita,,,,,
kg:brand/fita,COMPETES_WITH,kg:brand/roller-coaster,,,,,
kg:brand/roller-coaster,COMPETES_WITH,kg:brand/fita,,,,,
kg:brand/voice,COMPETES_WITH,kg:brand/hello,,,,,
kg:brand/hello,COMPETES_WITH,kg:brand/voice,,,,,
kg:brand/voice,COMPETES_WITH,kg:brand/hansel,,,,,
kg:brand/hansel,COMPETES_WITH,kg:brand/voice,,,,,
kg:brand/voice,COMPETES_WITH,kg:brand/bingo,,,,,
kg:brand/bingo,COMPETES_WITH,kg:brand/voice,,,,,
kg:brand/voice,COMPETES_WITH,kg:brand/roller-coaster,,,,,
kg:brand/roller-coaster,COMPETES_WITH,kg:brand/voice,,,,,
kg:brand/hello,COMPETES_WITH,kg:brand/hansel,,,,,
kg:brand/hansel,COMPETES_WITH,kg:brand/hello,,,,,
kg:brand/hello,COMPETES_WITH,kg:brand/bingo,,,,,
kg:brand/bingo,COMPETES_WITH,kg:brand/hello,,,,,
kg:brand/hello,COMPETES_WITH,kg:brand/roller-coaster,,,,,
kg:brand/roller-coaster,COMPETES_WITH,kg:brand/hello,,,,,
kg:brand/hansel,COMPETES_WITH,kg:brand/bingo,,,,,
kg:brand/bingo,COMPETES_WITH,kg:brand/hansel,,,,,
kg:brand/hansel,COMPETES_WITH,kg:brand/roller-coaster,,,,,
kg:brand/roller-coaster,COMPETES_WITH,kg:brand/hansel,,,,,
kg:brand/bingo,COMPETES_WITH,kg:brand/roller-coaster,,,,,
kg:brand/roller-coaster,COMPETES_WITH,kg:brand/bingo,,,,,
kg:brand/marlboro,COMPETES_WITH,kg:brand/lm,,,,,
kg:brand/lm,COMPETES_WITH,kg:brand/marlboro,,,,,
kg:brand/marlboro,COMPETES_WITH,kg:brand/mighty,,,,,
kg:brand/mighty,COMPETES_WITH,kg:brand/marlboro,,,,,
kg:brand/marlboro,COMPETES_WITH,kg:brand/camel,,,,,
kg:brand/camel,COMPETES_WITH,kg:brand/marlboro,,,,,
kg:brand/marlboro,COMPETES_WITH,kg:brand/philip-morris,,,,,
kg:brand/philip-morris,COMPETES_WITH,kg:brand/marlboro,,,,,
kg:brand/marlboro,COMPETES_WITH,kg:brand/more,,,,,
kg:brand/more,COMPETES_WITH,kg:brand/marlboro,,,,,
kg:brand/marlboro,COMPETES_WITH,kg:brand/champion,,,,,
kg:brand/champion,COMPETES_WITH,kg:brand/marlboro,,,,,
kg:brand/marlboro,COMPETES_WITH,kg:brand/hope,,,,,
kg:brand/hope,COMPETES_WITH,kg:brand/marlboro,,,,,
kg:brand/marlboro,COMPETES_WITH,kg:brand/astro,,,,,
kg:brand/astro,COMPETES_WITH,kg:brand/marlboro,,,,,
kg:brand/marlboro,COMPETES_WITH,kg:brand/cigarettes,,,,,
kg:brand/cigarettes,COMPETES_WITH,kg:brand/marlboro,,,,,
kg:brand/lm,COMPETES_WITH,kg:brand/mighty,,,,,
kg:brand/mighty,COMPETES_WITH,kg:brand/lm,,,,,
kg:brand/lm,COMPETES_WITH,kg:brand/camel,,,,,
kg:brand/camel,COMPETES_WITH,kg:brand/lm,,,,,
kg:brand/lm,COMPETES_WITH,kg:brand/philip-morris,,,,,
kg:brand/philip-morris,COMPETES_WITH,kg:brand/lm,,,,,
kg:brand/lm,COMPETES_WITH,kg:brand/more,,,,,
kg:brand/more,COMPETES_WITH,kg:brand/lm,,,,,
kg:brand/lm,COMPETES_WITH,kg:brand/champion,,,,,
kg:brand/champion,COMPETES_WITH,kg:brand/lm,,,,,
kg:brand/lm,COMPETES_WITH,kg:brand/hope,,,,,
kg:brand/hope,COMPETES_WITH,kg:brand/lm,,,,,
kg:brand/lm,COMPETES_WITH,kg:brand/astro,,,,,
kg:brand/astro,COMPETES_WITH,kg:brand/lm,,,,,
kg:brand/lm,COMPETES_WITH,kg:brand/cigarettes,,,,,
kg:brand/cigarettes,COMPETES_WITH,kg:brand/lm,,,,,
kg:brand/mighty,COMPETES_WITH,kg:brand/camel,,,,,
kg:brand/camel,COMPETES_WITH,kg:brand/mighty,,,,,
kg:brand/mighty,COMPETES_WITH,kg:brand/philip-morris,,,,,
kg:brand/philip-morris,COMPETES_WITH,kg:brand/mighty,,,,,
kg:brand/mighty,COMPETES_WITH,kg:brand/more,,,,,
kg:brand/more,COMPETES_WITH,kg:brand/mighty,,,,,
kg:brand/mighty,COMPETES_WITH,kg:brand/champion,,,,,
kg:brand/champion,COMPETES_WITH,kg:brand/mighty,,,,,
kg:brand/mighty,COMPETES_WITH,kg:brand/hope,,,,,
kg:brand/hope,COMPETES_WITH,kg:brand/mighty,,,,,
kg:brand/mighty,COMPETES_WITH,kg:brand/astro,,,,,
kg:brand/astro,COMPETES_WITH,kg:brand/mighty,,,,,
kg:brand/mighty,COMPETES_WITH,kg:brand/cigarettes,,,,,
kg:brand/cigarettes,COMPETES_WITH,kg:brand/mighty,,,,,
kg:brand/camel,COMPETES_WITH,kg:brand/philip-morris,,,,,
kg:brand/philip-morris,COMPETES_WITH,kg:brand/camel,,,,,
kg:brand/camel,COMPETES_WITH,kg:brand/more,,,,,
kg:brand/more,COMPETES_WITH,kg:brand/camel,,,,,
kg:brand/camel,COMPETES_WITH,kg:brand/champion,,,,,
kg:brand/champion,COMPETES_WITH,kg:brand/camel,,,,,
kg:brand/camel,COMPETES_WITH,kg:brand/hope,,,,,
kg:brand/hope,COMPETES_WITH,kg:brand/camel,,,,,
kg:brand/camel,COMPETES_WITH,kg:brand/astro,,,,,
kg:brand/astro,COMPETES_WITH,kg:brand/camel,,,,,
kg:brand/camel,COMPETES_WITH,kg:brand/cigarettes,,,,,
kg:brand/cigarettes,COMPETES_WITH,kg:brand/camel,,,,,
kg:brand/philip-morris,COMPETES_WITH,kg:brand/more,,,,,
kg:brand/more,COMPETES_WITH,kg:brand/philip-morris,,,,,
kg:brand/philip-morris,COMPETES_WITH,kg:brand/champion,,,,,
kg:brand/champion,COMPETES_WITH,kg:brand/philip-morris,,,,,
kg:brand/philip-morris,COMPETES_WITH,kg:brand/hope,,,,,
kg:brand/hope,COMPETES_WITH,kg:brand/philip-morris,,,,,
kg:brand/philip-morris,COMPETES_WITH,kg:brand/astro,,,,,
kg:brand/astro,COMPETES_WITH,kg:brand/philip-morris,,,,,
kg:brand/philip-morris,COMPETES_WITH,kg:brand/cigarettes,,,,,
kg:brand/cigarettes,COMPETES_WITH,kg:brand/philip-morris,,,,,
kg:brand/more,COMPETES_WITH,kg:brand/champion,,,,,
kg:brand/champion,COMPETES_WITH,kg:brand/more,,,,,
kg:brand/more,COMPETES_WITH,kg:brand/hope,,,,,
kg:brand/hope,COMPETES_WITH,kg:brand/more,,,,,
kg:brand/more,COMPETES_WITH,kg:brand/astro,,,,,
kg:brand/astro,COMPETES_WITH,kg:brand/more,,,,,
kg:brand/more,COMPETES_WITH,kg:brand/cigarettes,,,,,
kg:brand/cigarettes,COMPETES_WITH,kg:brand/more,,,,,
kg:brand/champion,COMPETES_WITH,kg:brand/hope,,,,,
kg:brand/hope,COMPETES_WITH,kg:brand/champion,,,,,
kg:brand/champion,COMPETES_WITH,kg:brand/astro,,,,,
kg:brand/astro,COMPETES_WITH,kg:brand/champion,,,,,
kg:brand/champion,COMPETES_WITH,kg:brand/cigarettes,,,,,
kg:brand/cigarettes,COMPETES_WITH,kg:brand/champion,,,,,
kg:brand/hope,COMPETES_WITH,kg:brand/astro,,,,,
kg:brand/astro,COMPETES_WITH,kg:brand/hope,,,,,
kg:brand/hope,COMPETES_WITH,kg:brand/cigarettes,,,,,
kg:brand/cigarettes,COMPETES_WITH,kg:brand/hope,,,,,
kg:brand/astro,COMPETES_WITH,kg:brand/cigarettes,,,,,
kg:brand/cigarettes,COMPETES_WITH,kg:brand/astro,,,,,
kg:brand/globe,COMPETES_WITH,kg:brand/smart,,,,,
kg:brand/smart,COMPETES_WITH,kg:brand/globe,,,,,
kg:brand/globe,COMPETES_WITH,kg:brand/tm,,,,,
kg:brand/tm,COMPETES_WITH,kg:brand/globe,,,,,
kg:brand/globe,COMPETES_WITH,kg:brand/tnt,,,,,
kg:brand/tnt,COMPETES_WITH,kg:brand/globe,,,,,
kg:brand/smart,COMPETES_WITH,kg:brand/tm,,,,,
kg:brand/tm,COMPETES_WITH,kg:brand/smart,,,,,
kg:brand/smart,COMPETES_WITH,kg:brand/tnt,,,,,
kg:brand/tnt,COMPETES_WITH,kg:brand/smart,,,,,
kg:brand/tm,COMPETES_WITH,kg:brand/tnt,,,,,
kg:brand/tnt,COMPETES_WITH,kg:brand/tm,,,,,
kg:brand/emperador,COMPETES_WITH,kg:brand/tiger,,,,,
kg:brand/tiger,COMPETES_WITH,kg:brand/emperador,,,,,
kg:brand/emperador,COMPETES_WITH,kg:brand/tanduay,,,,,
kg:brand/tanduay,COMPETES_WITH,kg:brand/emperador,,,,,
kg:brand/emperador,COMPETES_WITH,kg:brand/ginebra,,,,,
kg:brand/ginebra,COMPETES_WITH,kg:brand/emperador,,,,,
kg:brand/tiger,COMPETES_WITH,kg:brand/tanduay,,,,,
kg:brand/tanduay,COMPETES_WITH,kg:brand/tiger,,,,,
kg:brand/tiger,COMPETES_WITH,kg:brand/ginebra,,,,,
kg:brand/ginebra,COMPETES_WITH,kg:brand/tiger,,,,,
kg:brand/tanduay,COMPETES_WITH,kg:brand/ginebra,,,,,
kg:brand/ginebra,COMPETES_WITH,kg:brand/tanduay,,,,,
kg:brand/kopiko,COMPETES_WITH,kg:brand/marca-leon,,,,,
kg:brand/marca-leon,COMPETES_WITH,kg:brand/kopiko,,,,,
kg:brand/kopiko,COMPETES_WITH,kg:brand/great-taste,,,,,
kg:brand/great-taste,COMPETES_WITH,kg:brand/kopiko,,,,,
kg:brand/kopiko,COMPETES_WITH,kg:brand/tang,,,,,
kg:brand/tang,COMPETES_WITH,kg:brand/kopiko,,,,,
kg:brand/kopiko,COMPETES_WITH,kg:brand/nescafé,,,,,
kg:brand/nescafé,COMPETES_WITH,kg:brand/kopiko,,,,,
kg:brand/marca-leon,COMPETES_WITH,kg:brand/great-taste,,,,,
kg:brand/great-taste,COMPETES_WITH,kg:brand/marca-leon,,,,,
kg:brand/marca-leon,COMPETES_WITH,kg:brand/tang,,,,,
kg:brand/tang,COMPETES_WITH,kg:brand/marca-leon,,,,,
kg:brand/marca-leon,COMPETES_WITH,kg:brand/nescafé,,,,,
kg:brand/nescafé,COMPETES_WITH,kg:brand/marca-leon,,,,,
kg:brand/great-taste,COMPETES_WITH,kg:brand/tang,,,,,
kg:brand/tang,COMPETES_WITH,kg:brand/great-taste,,,,,
kg:brand/great-taste,COMPETES_WITH,kg:brand/nescafé,,,,,
kg:brand/nescafé,COMPETES_WITH,kg:brand/great-taste,,,,,
kg:brand/tang,COMPETES_WITH,kg:brand/nescafé,,,,,
kg:brand/nescafé,COMPETES_WITH,kg:brand/tang,,,,,
kg:brand/nissin,COMPETES_WITH,kg:brand/supreme,,,,,
kg:brand/supreme,COMPETES_WITH,kg:brand/nissin,,,,,
kg:brand/nissin,COMPETES_WITH,kg:brand/lucky-me!,,,,,
kg:brand/lucky-me!,COMPETES_WITH,kg:brand/nissin,,,,,
kg:brand/nissin,COMPETES_WITH,kg:brand/maggi,,,,,
kg:brand/maggi,COMPETES_WITH,kg:brand/nissin,,,,,
kg:brand/supreme,COMPETES_WITH,kg:brand/lucky-me!,,,,,
kg:brand/lucky-me!,COMPETES_WITH,kg:brand/supreme,,,,,
kg:brand/supreme,COMPETES_WITH,kg:brand/maggi,,,,,
kg:brand/maggi,COMPETES_WITH,kg:brand/supreme,,,,,
kg:brand/lucky-me!,COMPETES_WITH,kg:brand/maggi,,,,,
kg:brand/maggi,COMPETES_WITH,kg:brand/lucky-me!,,,,,
kg:brand/ginebra-san-miguel,COMPETES_WITH,kg:brand/san-miguel,,,,,
kg:brand/san-miguel,COMPETES_WITH,kg:brand/ginebra-san-miguel,,,,,
kg:brand/ginebra-san-miguel,COMPETES_WITH,kg:brand/san-mig-light,,,,,
kg:brand/san-mig-light,COMPETES_WITH,kg:brand/ginebra-san-miguel,,,,,
kg:brand/ginebra-san-miguel,COMPETES_WITH,kg:brand/red-horse,,,,,
kg:brand/red-horse,COMPETES_WITH,kg:brand/ginebra-san-miguel,,,,,
kg:brand/san-miguel,COMPETES_WITH,kg:brand/san-mig-light,,,,,
kg:brand/san-mig-light,COMPETES_WITH,kg:brand/san-miguel,,,,,
kg:brand/san-miguel,COMPETES_WITH,kg:brand/red-horse,,,,,
kg:brand/red-horse,COMPETES_WITH,kg:brand/san-miguel,,,,,
kg:brand/san-mig-light,COMPETES_WITH,kg:brand/red-horse,,,,,
kg:brand/red-horse,COMPETES_WITH,kg:brand/san-mig-light,,,,,
kg:brand/winston,COMPETES_WITH,kg:brand/fortune,,,,,
kg:brand/fortune,COMPETES_WITH,kg:brand/winston,,,,,
